Length,Commas
0,0
4,1
7,1
6,0
0,1
4,0
0,0
3,0
3,0
5,0
12,0
5,0
0,0
3,0
4,0
1,0
8,1
1,0
4,0
4,0
5,2
12,0
9,0
4,0
1,0
3,0
0,0
7,0
2,0
3,1
1,0
0,1
9,0
1,0
1,0
1,0
1,0
4,0
5,0
0,0
1,0
1,0
1,0
2,0
7,0
2,0
7,0
2,0
2,1
1,1
2,0
3,0
0,0
3,0
1,0
0,0
3,0
21,1
1,0
15,0
4,1
5,1
3,0
3,0
8,0
0,0
0,0
3,0
1,0
1,1
12,1
3,0
5,0
8,0
7,0
0,0
33,0
4,1
22,1
17,0
47,1
16,1
36,1
47,1
1,0
3,0
4,0
5,0
3,0
4,1
5,0
3,0
2,0
3,1
0,0
2,0
0,0
6,0
6,0
5,1
4,0
3,0
1,0
5,1
3,0
1,0
10,0
2,0
2,1
3,0
2,1
1,0
1,0
5,0
4,1
1,0
4,0
1,0
2,0
2,1
1,0
9,0
0,0
5,0
1,0
4,0
4,1
1,0
3,1
2,1
6,0
0,0
1,0
3,0
2,1
2,0
1,0
0,0
1,1
1,0
0,0
1,0
5,0
1,0
16,1
4,1
5,1
4,0
0,0
9,0
6,0
12,1
22,1
6,1
3,0
3,0
3,0
11,1
14,1
5,1
1,0
0,0
1,1
11,0
1,0
6,0
0,0
22,0
3,0
2,1
4,0
3,0
0,0
2,0
1,0
1,0
6,0
4,0
4,1
1,0
1,0
3,0
2,0
0,0
4,0
4,0
4,1
1,0
4,0
3,0
3,0
1,0
3,0
2,0
0,0
3,0
1,0
2,0
10,1
2,0
9,0
2,1
5,0
4,0
2,0
0,0
3,0
0,0
1,0
4,0
10,0
1,0
1,1
3,0
26,1
6,0
8,0
2,0
2,1
1,1
2,0
0,0
3,0
2,0
6,1
2,0
0,0
1,0
1,0
1,0
9,0
2,0
0,0
0,0
2,0
1,1
2,0
2,0
3,0
3,0
0,0
0,0
6,0
11,0
14,0
2,0
3,0
0,0
2,0
4,0
1,0
3,0
1,0
2,0
2,0
4,0
2,0
5,0
0,0
3,0
2,0
5,0
2,0
3,0
3,0
0,0
1,0
1,0
6,1
12,1
1,0
3,0
4,0
1,0
2,0
0,0
2,0
4,0
7,0
0,0
2,0
1,0
6,0
2,0
3,0
7,0
0,0
12,0
5,0
2,0
1,0
7,0
4,0
4,0
11,1
14,1
4,1
6,0
0,0
1,0
3,0
0,0
1,0
2,0
4,0
0,0
1,0
3,0
3,0
0,0
2,0
3,0
2,0
6,0
1,0
2,0
2,0
3,0
2,0
0,0
3,0
4,1
9,0
5,0
0,0
0,0
16,1
9,1
0,1
1,1
4,1
4,0
1,0
6,0
2,0
3,0
4,0
5,0
4,0
3,0
4,0
0,0
5,1
0,0
0,0
4,1
6,0
10,0
17,1
1,0
0,1
17,1
1,0
3,1
15,1
5,0
5,0
5,1
2,0
1,0
6,1
5,0
3,1
3,0
1,0
3,0
1,0
4,0
9,1
7,0
4,0
1,0
2,0
2,0
2,0
4,0
5,0
5,0
1,0
1,0
3,0
1,0
0,0
0,0
1,0
0,0
2,0
8,0
1,0
1,0
5,0
3,0
1,0
1,0
11,0
5,0
1,0
3,0
3,0
8,0
14,0
4,0
3,1
3,0
3,0
2,0
0,0
4,0
1,0
0,1
10,0
1,1
2,1
2,0
3,0
13,0
1,0
2,0
5,0
1,0
4,0
0,0
13,0
15,1
6,0
1,0
1,0
2,1
3,0
5,1
10,1
4,1
1,0
2,0
2,0
9,0
6,1
3,0
5,0
1,0
5,1
0,1
12,1
3,0
6,0
9,0
2,1
7,1
14,1
3,1
5,0
2,0
8,0
2,0
0,0
2,0
1,0
6,0
3,0
1,0
6,1
2,0
8,1
4,0
3,0
3,1
3,0
8,0
0,0
2,0
1,0
11,0
6,0
3,0
1,0
10,1
21,0
17,0
5,0
9,1
2,0
1,0
8,0
2,0
1,0
0,1
4,0
3,0
19,1
1,0
15,1
14,1
13,1
12,1
21,1
5,1
1,0
1,1
9,0
11,1
11,1
4,1
1,0
4,0
2,0
1,0
1,0
1,0
6,1
4,0
12,1
3,1
10,0
8,0
4,0
1,0
5,0
10,0
2,1
1,0
36,1
7,0
13,0
42,1
3,0
5,0
1,0
5,0
2,0
2,0
2,0
3,0
15,1
10,1
4,1
5,1
23,1
11,1
9,0
10,0
6,0
19,0
6,0
3,0
5,0
11,1
8,1
2,1
0,0
5,1
5,0
1,1
2,0
7,0
18,1
18,1
15,1
48,1
6,1
0,1
5,0
2,0
19,1
13,1
28,1
1,1
0,0
2,1
9,1
9,0
4,1
14,1
3,1
6,0
9,0
2,0
4,0
3,0
3,0
4,0
2,0
0,0
1,0
2,0
3,0
4,1
1,1
1,0
1,0
10,1
2,0
0,0
5,0
7,0
2,1
1,0
2,1
30,1
22,1
0,0
1,0
1,0
3,0
12,1
5,1
10,1
25,1
2,0
7,0
11,1
11,0
2,0
2,0
9,0
9,0
9,0
2,0
2,0
0,1
7,0
7,0
0,0
4,0
5,0
4,0
2,0
1,0
4,0
3,0
7,0
3,0
1,0
0,0
1,0
6,0
1,0
5,0
9,0
72,1
52,1
1,0
1,0
4,1
3,1
2,0
3,0
9,0
1,1
2,0
2,0
3,1
1,0
5,0
6,0
1,0
0,0
5,0
3,0
7,1
7,0
2,0
1,0
9,0
1,0
2,0
0,0
3,0
3,0
3,0
2,0
9,0
4,0
6,0
0,0
8,0
2,0
5,0
0,0
5,0
9,0
6,1
15,0
1,1
1,0
6,0
4,0
2,0
3,0
0,0
1,0
4,0
1,0
8,0
0,0
0,0
1,0
5,0
2,0
0,0
4,0
1,0
2,0
10,0
1,0
2,0
1,0
3,1
3,0
0,0
7,1
3,0
3,0
6,0
5,0
10,1
1,0
8,0
5,0
1,0
16,1
2,0
4,0
4,0
9,1
12,0
6,0
2,1
1,0
12,0
5,1
4,0
0,1
2,0
1,0
4,0
15,0
1,0
1,0
1,0
5,0
3,0
3,0
0,1
2,1
1,0
4,0
2,0
1,1
33,1
16,1
7,1
3,1
3,1
9,0
2,0
3,0
8,0
7,1
14,1
2,1
0,1
5,0
3,0
13,0
1,0
0,0
1,0
0,2
0,0
1,0
2,0
5,0
2,0
6,1
6,0
3,0
5,1
2,0
1,0
2,0
3,0
3,0
4,0
2,0
3,0
1,0
1,0
1,0
7,0
15,0
1,0
0,0
0,0
6,1
12,1
4,0
1,0
5,0
0,0
0,0
0,0
0,0
0,0
2,0
3,0
3,1
19,1
16,0
4,0
7,1
34,1
1,1
4,0
4,1
2,1
4,0
8,0
0,0
1,0
14,1
2,0
7,0
1,1
9,0
2,1
31,2
0,0
21,1
1,1
0,0
5,0
6,0
1,0
1,0
16,1
3,0
6,0
3,0
6,0
3,0
12,1
16,0
9,0
23,1
3,0
1,1
13,1
16,1
3,1
3,1
9,0
7,0
0,0
11,1
2,0
2,0
7,0
15,0
2,0
12,0
9,0
3,1
0,0
3,1
5,0
1,0
1,0
14,1
8,1
1,0
0,1
1,0
3,0
4,0
1,0
0,0
3,0
4,0
0,0
0,0
3,0
4,0
2,0
8,1
2,0
8,0
21,0
5,0
2,0
8,0
8,0
5,0
4,0
2,1
3,0
3,0
1,0
14,0
11,0
15,1
1,0
3,0
3,0
7,0
7,1
1,0
0,0
1,0
1,0
5,0
1,0
2,0
0,0
0,0
6,0
0,0
3,0
4,0
2,0
1,0
2,0
3,0
7,0
4,0
5,0
3,0
5,0
0,0
1,0
2,1
11,0
7,0
8,0
24,1
6,0
3,1
0,0
2,0
7,1
24,1
10,1
1,0
10,0
16,0
5,0
1,0
5,0
3,1
4,0
2,0
0,1
2,0
1,0
2,1
7,0
8,0
4,1
8,1
12,1
4,0
4,0
8,0
1,0
1,0
2,0
5,0
5,0
4,0
8,0
2,0
4,0
1,0
2,0
2,0
4,0
2,0
2,0
4,0
3,0
11,0
1,0
1,0
1,0
6,0
0,0
9,0
5,0
4,0
3,0
9,0
3,0
2,0
4,0
7,0
10,1
6,1
3,0
4,0
13,0
9,0
3,0
5,0
7,0
4,0
0,0
2,0
5,0
3,0
1,0
3,0
8,0
12,0
4,0
14,0
34,0
8,0
3,0
8,1
6,1
3,0
3,1
1,0
10,1
3,0
0,0
1,1
7,0
13,1
0,1
0,0
2,0
0,0
6,1
20,1
4,1
11,1
8,1
1,0
3,0
8,0
12,1
2,1
23,1
19,1
5,0
4,1
25,1
0,0
1,0
4,0
1,0
5,0
3,0
1,0
1,0
6,0
4,0
1,0
4,0
1,0
7,0
1,0
2,0
2,0
1,0
6,0
4,0
3,0
1,0
7,0
6,1
0,0
0,0
4,0
1,1
2,2
5,2
1,0
3,0
2,0
2,0
2,1
2,0
2,0
6,0
0,0
1,0
3,0
5,0
11,1
3,0
3,0
4,1
1,1
34,1
27,1
4,0
2,0
4,1
7,0
1,0
1,0
4,1
11,0
32,1
17,1
6,1
10,0
7,0
2,0
6,0
2,0
0,0
3,0
1,0
1,0
0,0
1,0
4,0
2,0
4,0
4,0
3,0
11,2
1,0
4,0
0,0
2,0
1,0
3,0
2,0
4,0
6,1
7,1
1,0
6,0
0,0
4,0
2,0
3,0
4,0
4,0
4,0
3,0
8,0
3,0
4,0
2,0
3,0
7,0
7,0
7,0
3,0
2,0
9,0
1,0
3,0
18,1
2,0
4,0
3,0
2,0
6,0
2,0
8,1
3,0
6,0
11,0
19,1
29,1
11,1
5,0
0,0
2,0
5,0
10,0
2,1
5,1
4,1
27,1
33,1
2,0
9,0
28,1
0,0
12,1
5,0
5,1
2,0
3,1
2,0
8,1
9,0
9,0
3,0
6,0
7,0
6,0
1,0
6,0
1,0
3,0
1,0
1,0
1,0
4,0
5,1
2,0
2,0
6,1
2,0
2,1
7,0
4,0
4,0
3,1
2,0
2,0
8,1
2,0
1,0
5,0
0,0
0,0
6,0
1,0
8,0
3,0
3,0
9,1
2,0
1,0
1,0
1,0
4,1
8,1
3,1
0,0
3,1
0,0
5,0
2,0
1,1
3,0
1,0
2,0
3,0
3,0
4,0
1,1
2,0
4,0
2,0
14,0
18,1
18,1
17,1
1,1
3,1
3,0
7,2
35,1
23,1
2,0
3,0
12,0
2,0
1,0
3,0
2,0
4,0
6,1
1,0
1,0
12,1
12,1
10,1
3,0
8,1
3,1
2,0
1,0
2,0
3,0
2,0
5,1
2,0
1,0
4,0
2,1
6,1
5,0
7,0
1,0
0,1
1,0
7,0
1,0
1,1
8,0
1,0
3,0
3,1
2,0
5,0
1,0
11,0
1,0
1,1
5,1
5,0
1,0
7,0
1,0
3,1
2,0
7,0
5,1
0,0
6,0
1,0
1,0
1,0
0,0
1,0
1,0
2,0
1,0
0,0
7,0
3,0
2,0
0,0
1,0
7,0
1,0
1,0
1,0
1,0
3,0
4,0
4,0
1,0
2,0
4,0
6,0
1,0
1,0
3,0
1,0
2,0
0,0
4,0
0,0
2,0
2,0
1,0
1,0
9,1
0,0
3,0
2,0
0,0
4,0
0,0
3,0
54,1
2,0
7,1
0,1
4,0
1,0
3,0
0,0
10,0
1,0
4,1
6,0
2,0
1,0
30,1
1,1
17,1
3,0
4,0
4,0
3,0
4,1
5,0
4,0
2,0
3,0
2,1
0,0
2,0
2,1
2,0
5,0
1,0
3,0
1,0
1,0
4,0
5,0
1,0
1,0
2,1
0,0
2,0
4,0
0,0
2,0
0,0
4,0
0,0
26,1
7,1
0,0
0,1
12,1
2,1
2,0
7,0
1,0
2,0
6,1
3,0
0,1
2,1
2,0
4,1
12,1
8,1
15,1
5,1
14,1
14,1
14,1
7,1
2,0
0,0
8,0
9,1
3,1
7,1
2,0
13,1
9,1
0,0
0,0
4,0
8,0
0,0
0,0
1,0
0,0
4,0
6,0
16,0
8,0
3,0
7,0
4,0
1,0
11,0
8,0
3,0
0,0
2,0
1,0
3,1
4,0
11,0
2,0
7,0
2,0
0,0
3,0
1,0
0,1
6,0
2,0
1,1
5,0
0,0
4,1
9,0
7,0
0,1
4,0
2,0
1,0
2,0
6,0
7,1
10,0
24,0
2,0
6,0
2,0
12,0
1,0
3,0
3,0
0,1
3,0
1,0
1,0
4,1
2,0
0,0
1,0
2,0
5,0
7,0
4,0
4,0
2,0
2,0
0,0
1,0
2,0
6,0
0,0
2,0
2,0
1,0
1,0
2,0
1,0
2,0
4,0
2,0
4,0
5,0
2,0
2,0
2,0
6,0
1,0
2,0
3,0
2,0
9,0
2,0
4,0
12,0
1,0
14,1
21,1
10,0
11,0
2,0
7,0
0,0
0,0
2,0
4,1
4,0
5,0
1,1
9,0
7,1
8,0
4,1
3,0
1,0
1,0
10,1
2,0
5,1
8,1
5,0
1,0
6,0
0,0
1,0
0,0
26,0
26,0
7,0
0,0
0,1
2,0
2,0
2,0
5,0
7,0
7,0
0,0
1,0
7,1
3,0
20,0
8,0
9,0
15,1
11,0
8,0
2,0
1,0
4,0
2,0
1,0
3,0
2,0
5,0
9,0
4,0
4,0
1,0
4,0
0,0
3,0
10,0
0,0
2,0
3,0
0,0
0,0
4,0
6,0
0,0
2,0
2,0
1,0
2,0
4,1
1,0
0,0
6,0
7,1
2,0
0,0
4,0
1,0
2,0
3,0
6,0
3,0
3,0
4,0
0,0
7,0
3,0
1,0
2,0
0,0
16,1
8,0
1,0
5,0
10,1
1,0
3,0
5,0
4,0
9,1
1,1
5,0
11,0
0,0
1,0
2,0
9,1
6,1
2,0
13,1
3,0
9,0
4,0
1,0
0,0
15,0
3,0
23,1
4,0
8,1
7,0
5,1
15,1
9,1
18,1
6,1
13,1
10,0
11,1
4,1
5,0
2,0
1,0
2,0
0,0
6,0
0,0
2,0
3,0
1,0
3,0
5,0
3,0
5,0
1,0
1,0
1,0
2,0
2,0
1,0
2,0
9,1
1,1
10,0
14,0
3,0
1,1
26,1
4,0
2,1
1,1
1,0
15,1
0,0
1,1
12,0
4,1
2,0
0,0
1,0
0,0
9,1
5,0
5,0
2,0
7,0
1,0
1,0
5,1
8,0
3,1
1,0
3,0
7,0
4,1
3,0
1,0
3,0
3,0
6,0
9,0
3,0
3,1
0,0
3,0
1,0
5,0
1,0
4,0
1,0
5,1
1,0
1,1
1,0
1,0
2,0
3,0
5,0
0,0
2,0
8,1
2,0
4,1
5,0
4,0
2,0
7,0
7,0
3,0
6,0
1,0
2,0
3,0
3,0
4,0
3,0
6,1
1,0
2,0
1,0
2,0
6,1
9,0
4,0
2,0
9,1
5,0
8,0
3,0
1,0
4,1
6,0
4,0
6,0
6,0
6,0
4,1
4,1
2,0
6,0
14,1
3,0
3,1
24,1
13,1
2,0
1,0
6,0
3,0
4,0
0,0
4,0
7,0
6,0
7,0
1,0
1,0
2,0
5,0
9,0
6,0
8,0
1,0
2,0
2,0
4,1
15,1
8,0
8,1
7,0
2,0
21,0
41,0
45,1
10,1
22,1
2,0
16,1
1,1
0,0
2,0
22,0
6,0
10,1
3,1
24,1
14,1
13,1
7,0
19,1
1,0
6,0
9,0
2,0
1,0
0,1
3,0
0,0
11,0
5,0
6,0
1,0
2,0
5,0
0,0
2,1
1,1
4,1
14,0
2,0
7,0
0,0
4,1
7,0
6,1
13,1
6,1
5,0
7,0
35,1
32,1
4,0
6,0
5,0
6,0
0,0
0,0
1,1
6,1
0,0
6,0
1,0
1,0
0,0
4,0
4,1
2,1
2,0
3,0
8,0
1,0
1,0
10,1
18,0
17,0
0,0
3,0
4,0
10,0
4,0
1,0
0,1
2,0
1,0
1,0
3,0
1,0
4,1
3,2
4,0
1,0
2,0
5,0
5,0
2,0
6,0
13,1
24,1
1,0
1,0
4,0
4,1
4,0
8,0
6,0
1,0
1,0
4,0
10,0
8,1
2,0
2,0
8,0
1,1
0,3
3,0
1,0
4,0
12,1
13,1
4,0
0,0
1,1
23,1
2,0
2,0
9,0
7,0
2,0
1,0
1,0
0,0
3,0
2,0
1,0
0,0
2,0
1,0
4,0
6,0
9,0
6,0
7,0
3,0
4,0
2,0
2,1
10,0
3,0
6,0
7,0
1,0
5,0
2,1
4,0
3,0
13,0
0,0
1,0
8,0
0,0
4,0
11,0
2,0
7,1
6,0
6,0
2,1
9,1
19,0
3,0
17,0
15,0
2,0
2,0
3,0
6,1
1,0
4,0
10,0
0,0
22,1
6,0
2,0
7,0
2,0
4,0
8,0
7,0
2,0
4,2
6,0
2,0
1,0
4,0
3,0
8,1
5,0
17,0
2,0
3,0
3,0
2,0
5,1
1,0
2,0
1,0
1,0
13,1
6,0
2,0
1,0
2,0
1,1
3,1
21,1
30,1
16,1
17,1
0,0
1,0
0,1
2,0
7,0
5,0
6,0
1,0
3,0
1,0
5,0
6,0
5,1
2,0
1,0
0,0
11,0
1,1
0,0
3,0
22,1
12,0
11,1
1,0
0,0
4,0
0,0
1,0
0,0
1,0
1,0
4,1
1,0
7,0
0,0
2,0
2,0
13,0
0,0
2,0
10,0
2,0
9,0
1,0
5,0
7,0
1,0
19,0
3,0
2,1
8,0
5,0
2,1
13,1
8,0
6,0
1,0
5,0
0,0
3,0
2,0
4,0
0,0
2,0
2,0
3,1
1,0
4,1
5,0
1,0
4,0
3,0
6,0
10,0
3,0
2,1
14,0
7,0
2,0
12,0
2,0
1,0
8,0
3,0
5,1
7,0
9,0
0,0
4,0
5,0
2,0
11,0
1,0
4,0
0,0
4,1
16,0
4,0
3,0
2,0
1,0
1,0
2,0
2,0
8,0
4,1
4,0
1,0
5,0
8,0
2,0
4,0
2,0
5,0
2,0
6,0
3,0
5,0
13,1
2,0
1,0
2,0
3,0
7,0
2,0
0,0
1,0
6,0
1,1
8,0
0,0
6,0
11,1
3,0
4,0
8,0
8,0
2,0
6,1
0,0
20,1
14,2
3,1
2,0
4,1
5,0
3,0
1,0
1,0
9,1
17,1
19,1
3,1
1,0
0,0
5,0
3,0
2,0
3,0
2,0
1,0
2,0
3,0
8,1
6,0
1,0
17,1
7,0
1,0
6,0
5,0
6,0
9,0
3,0
12,0
2,1
7,0
3,0
0,0
4,0
3,0
2,1
7,0
2,0
3,0
0,1
2,1
1,0
1,1
4,0
6,1
1,1
2,0
18,1
13,0
4,1
7,0
1,1
13,1
2,0
1,0
4,0
4,0
5,0
1,1
6,0
1,0
3,0
1,0
1,1
3,0
26,0
14,0
6,1
1,0
15,0
3,1
2,1
4,0
2,0
2,1
5,0
7,1
11,0
0,0
6,0
3,0
1,0
4,0
1,0
2,0
1,0
3,0
1,0
2,0
1,0
3,0
5,0
2,0
4,0
2,0
2,0
1,0
2,0
1,0
3,1
1,1
1,0
1,0
3,0
0,0
0,1
5,1
1,0
2,0
3,0
5,0
0,0
6,1
1,0
1,0
8,0
6,1
15,0
4,0
10,1
0,0
11,0
8,0
0,0
3,0
3,0
3,0
15,1
2,0
11,1
2,0
0,0
1,0
0,0
0,0
8,1
4,0
1,0
0,0
9,1
5,0
17,1
1,0
4,0
2,0
2,0
5,1
1,0
12,1
2,0
1,0
6,1
1,0
2,1
4,1
4,1
2,0
5,0
17,1
18,1
0,0
2,0
7,0
3,0
6,0
3,0
2,0
1,0
1,0
6,0
0,0
2,1
0,0
2,0
3,0
15,1
12,1
2,0
3,0
1,0
4,0
1,0
3,1
0,0
1,1
2,0
7,0
6,0
6,0
4,0
6,0
5,0
11,0
2,0
9,0
4,0
2,0
3,0
13,0
1,0
5,1
2,0
8,1
1,0
1,0
13,0
3,0
3,0
5,2
6,1
5,0
5,0
6,0
13,0
3,0
1,0
6,1
13,1
9,0
1,1
7,0
0,0
1,0
2,0
4,1
2,0
4,0
2,1
8,0
3,1
2,0
3,0
9,0
6,0
7,0
7,0
7,0
0,0
2,0
1,0
5,0
3,0
2,1
4,0
2,0
0,0
2,0
8,0
1,1
8,0
3,0
6,0
6,0
9,0
5,0
7,0
6,0
12,1
1,0
9,0
12,0
11,0
5,0
4,0
0,0
3,0
2,1
0,1
1,0
0,0
1,0
9,0
6,0
7,0
1,0
5,0
4,0
8,0
3,0
6,0
3,0
4,0
8,2
1,0
2,0
0,0
1,0
4,0
2,1
3,0
2,0
10,0
2,0
5,0
7,0
4,0
3,0
2,0
3,0
1,0
0,0
2,0
1,0
3,0
3,0
0,0
2,0
1,0
5,0
8,0
3,0
2,0
5,0
0,0
4,0
0,0
3,0
1,1
2,0
1,0
1,0
2,0
1,0
0,0
3,0
2,0
2,0
3,0
4,0
3,0
4,0
2,0
4,0
1,0
7,0
0,0
8,0
7,0
0,0
5,0
1,0
16,0
4,0
4,0
8,0
18,0
4,0
6,0
1,0
4,0
7,0
1,2
0,0
3,0
4,0
3,0
3,0
7,1
15,1
3,0
0,0
5,0
9,0
12,0
3,0
9,1
7,0
6,0
1,0
13,0
17,0
3,1
1,1
16,2
4,0
0,0
1,1
1,0
2,0
3,0
6,0
0,0
12,1
1,0
5,0
0,0
11,0
6,0
3,0
0,0
1,0
6,0
5,0
2,0
4,0
2,0
5,0
2,0
8,0
1,0
0,0
0,0
1,0
3,0
1,0
5,0
2,0
1,0
12,1
5,0
2,0
2,0
6,0
4,0
15,0
4,0
1,0
2,0
1,0
10,0
1,0
1,0
0,0
3,0
1,1
2,0
0,0
4,0
7,0
4,1
2,0
4,1
2,0
10,0
2,0
3,0
10,1
4,0
6,0
3,1
3,0
2,0
1,0
1,0
2,0
2,0
0,0
2,0
2,0
9,0
2,0
1,0
1,0
6,0
0,0
7,1
3,0
4,0
1,0
3,0
0,0
9,0
8,0
5,0
11,0
2,0
3,0
1,0
8,0
0,1
2,0
1,0
3,0
1,0
8,0
2,0
2,0
3,0
7,0
19,1
1,0
3,0
1,0
1,0
1,0
1,0
6,0
0,0
0,0
1,0
5,0
1,0
1,0
7,1
2,0
0,0
7,0
9,0
7,1
12,2
2,0
1,0
1,0
0,0
0,0
2,0
1,0
10,0
5,0
4,0
1,0
9,1
5,0
5,0
2,0
5,0
0,0
3,0
0,0
6,0
1,0
3,0
15,1
16,1
10,0
3,0
4,0
2,1
8,1
23,1
5,0
12,1
18,1
1,0
8,0
7,0
9,0
5,0
3,0
6,0
0,0
0,1
4,0
4,0
2,0
0,0
4,0
3,0
2,0
2,1
8,0
3,0
1,0
3,0
3,0
3,0
1,1
7,0
6,0
0,0
0,0
1,0
12,0
3,0
5,1
3,0
7,0
3,0
1,0
1,0
0,0
6,0
2,0
4,1
9,0
5,0
5,0
4,0
2,0
2,0
0,0
2,0
4,0
6,0
14,0
3,0
1,0
10,0
1,0
2,0
3,0
2,0
10,0
4,0
1,0
1,0
5,0
3,0
0,0
1,0
1,0
3,0
8,0
2,0
0,0
0,0
1,0
2,1
2,0
5,0
4,0
24,1
16,1
11,2
6,0
0,0
0,1
7,0
6,0
5,0
3,0
5,0
3,0
0,0
2,0
3,0
0,0
2,0
2,0
9,0
2,0
1,0
4,1
1,0
1,1
2,1
10,0
1,0
5,0
2,0
2,0
2,1
3,1
1,0
1,0
4,0
4,0
2,0
0,0
0,0
3,0
9,0
7,1
4,0
2,0
1,0
0,1
1,0
0,0
3,0
1,0
1,0
3,0
2,0
0,0
6,0
5,0
6,1
1,0
4,0
1,0
9,0
1,0
1,0
1,0
0,0
7,0
1,0
6,1
5,0
9,1
2,0
0,0
2,1
2,0
1,0
1,0
3,0
10,0
10,1
0,1
2,0
5,0
2,0
8,0
0,0
3,0
5,0
2,0
9,1
3,0
1,1
10,0
3,0
2,0
0,1
6,0
0,1
4,1
3,0
5,0
21,1
3,0
3,0
1,0
2,0
6,1
0,0
3,0
6,1
5,1
4,1
2,0
2,1
2,0
14,1
2,1
2,1
6,0
18,0
32,1
5,0
1,0
5,0
4,0
11,0
15,0
3,0
3,0
11,1
2,0
2,0
10,1
7,0
2,0
3,0
1,0
6,0
3,0
3,0
3,0
2,0
9,0
0,1
9,0
5,0
2,0
6,0
11,0
3,0
7,0
2,0
4,1
0,0
7,0
5,0
1,0
5,0
10,0
3,0
4,0
1,0
1,0
1,0
0,0
2,1
2,0
1,0
3,0
7,0
3,0
3,0
5,0
4,0
0,1
10,1
2,0
4,0
0,1
3,0
3,1
13,0
5,0
14,0
0,0
0,1
2,1
9,0
1,0
1,0
7,0
10,1
5,0
6,0
1,0
5,0
5,0
4,0
2,0
0,1
3,0
2,0
0,0
4,0
2,0
0,0
2,0
1,0
10,1
1,1
6,0
7,0
1,0
1,0
1,1
3,0
2,0
0,1
8,0
0,0
2,0
0,0
3,0
4,0
0,1
10,0
4,0
1,0
0,1
0,0
1,0
4,1
0,0
1,0
5,0
15,1
7,1
5,0
3,0
7,0
2,0
3,0
1,0
19,0
1,0
1,0
1,0
3,0
6,0
2,0
3,0
5,1
1,0
0,1
3,0
4,0
6,0
1,0
2,1
7,1
4,0
5,0
3,1
8,0
9,0
2,0
56,3
4,1
12,1
13,2
9,1
11,0
0,1
13,1
6,0
0,0
4,0
28,1
4,0
1,0
0,0
1,0
3,0
0,1
0,0
3,0
5,0
4,0
10,1
11,1
2,1
2,1
2,1
6,0
19,0
9,0
0,0
6,1
2,1
4,1
0,1
4,1
0,0
0,1
14,0
0,0
0,0
2,1
1,0
2,0
8,1
0,1
12,0
1,0
4,0
1,0
11,0
2,0
2,0
12,0
1,1
7,1
4,0
3,0
1,0
3,0
11,1
4,1
0,1
1,0
7,0
2,0
2,0
1,1
1,0
2,0
5,1
3,0
5,0
3,2
3,0
7,1
7,1
0,1
1,0
1,0
7,1
14,1
10,0
1,1
16,1
4,1
4,1
11,1
1,1
3,1
27,1
3,1
13,1
16,1
0,1
14,2
2,0
0,0
1,0
8,0
1,0
3,0
6,1
3,0
3,1
0,0
8,0
4,0
4,1
5,0
4,0
2,0
3,1
1,0
0,1
48,2
7,0
2,1
8,0
3,1
3,2
13,1
10,1
1,0
6,1
11,0
5,1
1,1
1,0
4,0
3,0
0,1
1,0
1,0
2,0
4,0
1,1
4,1
2,0
5,0
0,0
16,0
2,0
1,0
0,0
1,0
14,1
10,1
2,1
0,1
8,0
2,0
1,0
2,0
7,1
4,0
15,0
3,0
16,1
1,0
3,0
9,0
0,0
5,0
5,0
0,0
2,1
0,0
1,0
5,0
0,1
5,0
6,0
2,0
1,0
1,0
4,4
2,0
4,0
13,2
4,1
10,0
4,1
8,0
4,0
6,1
20,0
0,1
21,1
17,1
0,1
5,0
20,1
4,0
1,0
2,0
2,1
4,1
0,0
1,4
0,0
0,1
2,0
6,0
5,1
8,1
0,0
1,0
2,0
2,0
5,0
4,0
0,0
0,0
1,0
0,0
5,0
0,0
2,0
3,0
0,0
1,0
0,0
4,1
0,0
4,0
2,0
2,0
2,0
1,0
1,0
4,0
3,0
3,0
3,0
4,0
1,0
3,0
1,0
0,0
1,0
1,0
0,0
0,0
4,0
4,0
2,0
1,0
2,0
4,0
4,0
6,0
1,0
4,0
5,0
1,0
2,0
5,0
3,0
4,0
1,0
5,0
1,0
6,0
3,0
1,0
0,0
3,0
1,1
1,0
4,0
2,0
1,0
1,1
2,0
1,0
5,1
0,1
2,0
2,0
3,0
4,0
5,0
1,0
5,0
1,0
6,1
2,0
6,0
12,0
1,0
1,0
2,0
4,0
1,0
5,0
6,0
12,0
2,0
3,0
0,0
11,0
1,0
2,0
1,0
1,0
5,1
7,0
1,0
1,0
6,0
0,0
3,0
2,0
2,0
1,0
4,1
2,0
7,0
1,0
1,0
13,0
0,0
3,0
3,0
0,0
2,0
1,0
6,0
1,0
0,1
1,0
3,0
0,0
1,0
6,0
0,0
5,0
9,0
1,0
1,0
9,0
7,0
18,0
8,0
1,0
0,0
1,0
1,1
3,0
0,0
5,0
9,1
4,0
4,0
3,0
10,0
2,0
4,0
4,0
2,0
1,0
1,1
4,0
8,0
2,0
2,0
4,0
7,0
4,0
3,0
6,0
8,1
1,0
1,0
0,0
1,0
1,0
2,0
16,1
2,0
1,0
7,0
1,1
9,0
3,0
3,0
5,0
3,0
1,0
4,0
8,0
0,0
4,0
1,0
5,0
2,0
1,0
2,0
1,0
0,0
6,0
5,0
6,0
2,1
2,1
5,0
9,0
1,0
0,0
0,0
6,1
0,0
1,0
1,0
0,0
4,0
1,0
3,0
1,0
0,0
0,0
2,0
3,0
1,0
1,0
1,0
6,0
1,0
2,0
3,0
2,0
3,0
1,0
2,0
1,0
7,0
16,1
11,1
8,1
9,0
7,1
8,1
3,1
5,1
13,1
11,0
2,0
6,1
1,0
4,0
2,0
7,0
1,0
0,0
4,0
3,0
7,0
3,0
1,0
0,0
2,0
5,0
5,0
3,0
0,0
4,1
17,1
2,0
7,0
0,0
2,0
0,0
3,0
3,0
6,0
1,0
10,0
3,1
2,0
6,0
1,1
1,1
1,0
0,0
1,0
2,0
4,0
1,1
0,0
4,0
4,0
1,0
1,0
7,0
3,0
1,0
4,0
5,1
5,1
2,0
2,0
2,0
3,1
1,0
8,0
1,0
6,0
0,0
1,0
3,0
2,0
2,0
1,0
2,0
2,0
3,0
1,0
4,0
4,0
1,0
6,0
1,0
1,0
1,0
4,0
1,0
5,0
3,0
3,0
1,0
0,0
0,0
1,0
0,0
1,0
2,0
0,0
1,0
4,0
7,0
0,0
2,0
1,0
2,0
3,0
1,0
2,0
5,0
6,0
2,0
4,0
2,0
2,0
1,0
5,0
6,0
3,0
3,0
3,0
1,0
4,0
1,0
7,0
2,0
4,0
1,0
3,0
14,0
2,0
8,0
14,0
4,0
1,0
1,0
3,0
6,0
8,0
2,0
9,1
18,0
9,0
3,1
9,1
6,1
3,0
4,0
5,0
1,0
2,0
6,1
5,0
3,0
3,0
2,0
2,0
3,0
2,0
4,1
1,0
3,0
3,0
0,0
3,0
2,0
5,0
2,0
2,0
2,0
3,0
4,0
6,0
1,0
0,1
1,0
7,0
5,0
1,1
3,0
0,0
3,0
0,0
1,0
5,0
5,1
0,0
4,0
17,0
0,0
10,0
4,0
4,0
0,0
5,0
4,0
3,0
2,0
10,0
3,0
3,0
0,0
5,0
2,0
2,0
2,0
5,0
8,1
0,0
1,1
3,0
2,0
3,0
1,0
2,0
7,0
5,0
4,0
0,0
1,0
0,1
2,0
3,1
1,1
1,0
3,0
0,0
1,0
4,0
2,0
0,0
0,1
1,0
1,0
2,0
1,0
1,0
4,0
1,0
1,0
2,0
2,1
1,1
3,1
2,0
6,0
3,0
1,0
2,0
2,0
6,0
4,0
1,0
5,0
1,0
4,1
2,0
1,0
0,0
6,0
2,0
3,0
1,0
2,0
3,0
1,0
0,0
1,0
9,0
4,0
1,0
1,0
0,0
3,0
8,0
1,0
2,0
3,0
10,0
4,0
5,0
2,0
9,0
19,0
1,0
1,0
1,0
2,0
1,0
1,0
9,0
6,0
1,1
3,1
5,1
6,0
1,0
1,0
1,0
6,0
3,0
2,0
3,0
1,0
2,0
0,0
13,0
1,1
4,0
0,0
1,0
1,0
1,0
1,0
1,0
3,1
9,0
5,0
5,0
9,1
5,1
11,1
7,0
2,0
1,0
4,0
6,0
13,1
7,0
1,0
1,2
2,1
3,0
0,0
2,0
4,0
3,0
0,0
0,0
5,0
5,0
5,0
0,0
8,0
4,0
2,0
0,0
2,0
5,0
2,0
6,0
6,0
9,1
4,0
6,1
37,1
6,0
6,1
0,0
7,0
20,1
22,1
1,0
9,1
1,0
1,0
2,0
3,0
4,1
10,0
3,0
6,0
4,0
3,0
5,1
1,0
8,1
1,0
1,0
5,1
0,0
9,0
4,0
9,0
3,1
1,0
13,0
3,0
2,1
13,1
1,0
1,0
4,0
4,0
8,0
1,0
3,0
1,0
4,0
2,0
5,0
2,0
1,0
2,0
3,0
4,0
0,0
4,0
2,1
2,0
6,0
1,0
11,0
2,0
3,0
3,0
7,0
1,0
4,0
1,0
9,0
1,0
3,0
6,1
0,0
2,0
1,0
2,0
4,0
1,0
2,0
3,0
4,0
4,0
6,0
1,0
1,0
1,0
2,0
1,0
2,0
2,0
1,0
1,0
3,0
4,0
7,0
1,1
2,0
4,0
1,0
1,1
1,0
1,0
1,0
2,0
1,1
9,0
4,0
5,0
8,0
0,1
2,0
0,0
1,0
0,2
0,0
3,0
3,0
1,1
5,1
17,0
4,1
1,1
18,1
2,0
11,0
2,1
4,0
7,1
1,1
17,1
10,1
0,0
1,0
1,0
4,0
9,0
4,0
1,1
1,0
7,0
3,0
2,0
1,0
1,0
0,0
3,0
5,0
0,0
2,0
1,0
5,0
1,0
4,0
1,0
12,0
3,0
8,1
2,0
2,0
4,0
1,0
1,0
0,0
3,0
3,0
2,0
0,0
0,0
2,0
2,0
2,0
2,0
1,0
0,0
3,0
0,0
0,0
2,0
2,0
9,0
2,0
0,0
10,1
5,1
2,1
5,0
7,0
1,0
7,1
0,0
10,0
1,0
25,1
21,1
34,1
0,0
8,1
13,1
9,2
6,1
13,1
2,0
4,0
6,0
8,0
5,0
6,1
1,0
5,0
1,0
1,1
1,0
6,0
4,0
2,0
0,0
0,0
4,1
8,0
12,0
9,0
4,0
3,0
3,0
9,1
1,0
0,1
2,1
32,1
6,0
2,0
1,0
1,0
3,0
1,0
1,0
9,0
4,0
0,0
0,0
1,1
5,0
4,0
7,0
11,0
2,0
3,0
9,0
4,1
15,1
13,1
9,1
3,0
1,1
2,0
1,1
5,0
7,0
0,1
1,0
1,0
1,0
1,0
1,0
9,0
3,0
1,0
0,0
2,0
2,1
0,1
1,0
7,0
12,1
19,1
6,1
13,1
2,1
2,0
5,0
1,0
11,0
9,0
1,0
13,0
4,0
1,0
1,0
7,1
5,0
3,0
3,0
4,0
2,0
3,1
3,0
3,0
4,0
4,0
23,1
4,0
5,0
1,0
2,0
8,0
5,0
3,0
3,0
0,0
6,1
4,0
0,0
2,0
2,0
2,0
5,0
1,0
4,0
8,0
2,1
2,0
23,1
16,1
2,0
1,0
12,1
4,0
11,0
11,0
2,0
0,0
2,0
5,0
1,0
1,1
1,0
1,0
10,1
11,0
9,1
0,0
4,1
0,0
0,0
0,0
5,0
1,1
21,0
14,0
4,0
0,0
1,0
11,0
2,0
4,0
4,0
4,1
2,0
9,0
12,0
4,0
10,0
21,0
1,0
0,0
1,0
1,0
21,1
3,0
2,0
11,0
11,0
10,0
5,0
0,0
8,0
7,0
13,1
3,1
1,0
12,0
2,0
1,0
1,0
1,0
6,0
3,1
5,0
18,0
0,0
1,0
6,0
1,0
3,0
8,0
5,1
6,0
4,1
6,0
3,0
2,0
1,0
3,0
6,0
4,0
5,0
2,0
0,0
2,0
11,0
2,0
0,1
5,0
2,0
3,0
1,0
2,1
1,1
0,0
8,0
3,0
17,0
3,0
4,0
3,0
6,0
10,0
0,0
13,1
2,0
3,0
2,0
9,0
1,1
2,0
9,0
1,0
5,0
2,0
1,0
8,0
5,0
1,0
4,0
4,0
1,0
2,0
11,0
3,0
13,1
3,0
0,0
0,0
3,0
3,1
1,0
4,0
1,0
3,1
0,0
0,0
1,0
3,0
0,0
0,0
3,1
2,1
3,1
2,1
1,0
2,0
8,1
2,0
1,0
2,1
2,0
2,1
1,0
3,0
1,0
4,0
1,0
5,0
2,1
2,0
14,1
3,1
1,0
3,0
0,0
0,0
4,0
21,1
6,1
2,1
0,0
5,0
1,0
1,0
3,0
3,0
1,0
5,1
9,0
4,1
5,0
6,1
6,1
7,1
13,0
3,0
2,0
4,1
2,0
5,0
5,1
4,0
2,0
2,0
7,0
2,0
0,0
2,0
1,0
2,0
9,0
7,0
1,0
4,0
1,0
1,0
0,0
12,1
5,0
4,0
0,0
0,0
0,0
1,0
9,1
5,0
3,0
10,0
2,0
2,0
6,0
3,0
2,0
3,0
5,1
2,0
9,0
0,0
5,0
4,0
2,0
2,0
7,0
2,0
4,0
4,0
6,1
2,0
1,1
9,0
2,0
3,0
4,1
1,0
2,0
2,0
3,0
7,0
11,1
2,0
1,0
0,0
6,1
6,0
6,0
2,0
5,0
1,0
3,0
3,0
5,1
3,0
2,0
1,0
8,1
0,1
5,1
2,0
1,0
11,0
2,0
7,0
1,0
3,0
2,0
1,0
1,0
3,0
2,0
2,0
6,0
20,1
64,1
6,0
3,0
2,0
1,0
13,0
0,0
1,0
5,0
5,0
2,0
2,0
1,1
2,0
3,0
1,0
12,1
0,0
12,1
9,1
8,0
6,0
9,1
4,0
0,0
5,0
0,0
14,1
3,0
0,0
9,0
9,0
4,0
4,0
0,0
5,1
2,0
0,0
3,0
0,0
7,0
1,0
0,0
2,0
0,0
0,0
5,0
11,0
1,0
2,1
0,1
7,0
6,0
5,0
2,0
2,0
8,0
4,0
8,0
1,0
1,0
2,0
5,1
10,0
1,0
6,0
3,0
3,0
5,1
6,1
1,0
1,0
2,0
4,1
9,0
1,0
6,0
0,0
1,0
0,0
4,0
4,0
3,0
11,0
10,0
9,0
9,0
2,0
2,1
3,0
1,0
0,0
2,0
2,0
2,0
1,0
12,0
5,0
4,0
0,0
3,0
9,0
4,0
2,0
0,0
11,0
5,0
8,0
4,0
2,0
3,0
2,0
1,0
0,0
3,0
5,0
1,0
17,1
0,1
2,0
1,0
8,0
3,0
3,0
2,0
4,0
3,0
3,1
11,0
1,0
0,0
3,1
0,0
7,0
3,0
5,2
3,0
5,2
4,0
4,0
2,0
6,0
3,0
6,0
0,0
1,0
10,1
10,1
8,1
5,0
7,0
2,0
7,0
2,0
2,0
2,2
6,0
1,0
7,1
6,0
7,0
1,0
1,0
2,0
4,0
1,0
7,0
1,0
2,0
1,0
2,0
1,0
2,1
2,1
10,1
0,0
1,0
1,0
6,0
11,0
8,0
5,1
2,0
0,0
12,0
1,0
3,0
3,0
4,1
2,0
3,0
2,0
1,0
12,0
5,1
0,1
0,0
2,0
5,1
42,0
4,1
2,0
5,0
1,0
9,0
1,0
9,0
4,0
1,1
0,1
4,0
0,0
2,0
5,0
2,0
5,0
2,0
6,0
0,0
10,0
2,0
0,1
11,0
4,0
2,1
7,1
14,0
6,0
0,0
0,0
3,0
6,0
1,0
24,1
16,1
16,1
8,0
6,0
2,0
5,0
1,0
11,1
3,1
12,1
3,0
8,0
11,0
11,1
4,0
4,0
4,0
4,0
2,0
2,1
1,0
0,0
5,0
2,0
31,1
14,0
17,1
5,0
11,0
2,0
0,0
0,1
3,0
3,1
2,0
2,0
3,0
0,0
5,0
23,1
4,1
7,1
3,0
3,0
5,0
2,0
9,0
7,1
7,0
13,1
3,0
2,0
1,1
4,0
8,0
0,0
3,1
5,0
5,1
0,0
4,0
3,0
11,0
6,0
6,0
6,0
13,1
12,0
6,0
1,0
8,0
3,0
4,0
2,0
4,0
5,0
10,1
8,0
10,0
10,0
3,0
1,0
0,0
4,0
0,1
6,0
1,0
1,1
4,0
0,0
2,0
4,0
4,0
0,0
1,0
0,0
0,1
2,0
4,0
2,0
11,1
3,0
0,0
4,0
1,2
1,2
5,0
2,0
3,0
4,0
1,0
6,1
2,1
1,0
1,0
8,0
1,0
1,0
2,0
1,0
3,0
1,0
2,0
5,0
14,1
6,0
9,1
4,1
0,0
6,1
5,0
6,0
4,0
6,0
7,0
1,0
0,0
3,0
1,0
6,0
3,0
2,0
1,0
1,0
5,0
1,0
4,0
1,0
6,0
4,0
0,0
7,0
4,0
2,0
1,1
7,0
4,0
9,1
6,0
3,0
0,0
2,0
1,0
10,1
0,0
2,0
7,0
1,0
6,0
1,0
3,0
1,0
1,0
0,0
3,0
3,0
1,1
2,0
3,1
0,0
1,0
4,0
2,0
2,0
4,0
0,0
9,0
2,0
0,0
4,0
21,1
22,1
8,0
3,0
3,0
4,0
9,1
10,1
3,1
6,0
2,0
3,0
1,0
2,0
7,1
2,0
18,1
6,0
12,1
2,0
5,0
9,0
8,0
4,0
4,0
1,0
1,0
3,1
8,1
4,1
4,0
2,0
3,0
10,1
0,0
3,0
3,0
0,0
4,0
9,1
7,1
14,1
1,1
0,0
1,1
6,1
7,1
8,1
2,0
4,1
12,0
8,0
21,1
0,0
5,0
1,1
12,0
9,0
1,0
4,0
0,2
5,0
10,1
7,1
0,0
1,0
9,0
3,0
14,0
4,0
6,0
4,0
2,0
6,0
2,0
9,0
0,0
4,0
6,0
2,0
5,0
5,0
8,0
2,0
2,0
4,0
7,1
9,1
15,1
24,1
3,0
6,1
4,0
4,0
10,1
4,0
1,0
2,0
4,0
6,0
4,1
1,0
1,0
9,0
7,0
4,0
2,1
4,0
3,0
1,0
9,1
4,1
16,1
10,0
8,0
2,0
1,1
0,1
2,1
3,1
2,1
1,0
2,0
6,1
1,0
3,1
5,1
2,0
1,0
1,0
0,0
5,0
3,0
5,1
2,0
2,0
4,1
4,0
1,1
1,0
7,1
4,0
3,0
4,0
9,1
8,1
0,0
7,0
4,0
1,0
1,0
1,1
4,0
1,0
4,1
2,0
4,2
1,1
0,0
0,0
2,0
4,0
6,0
5,0
3,0
1,0
3,0
0,0
0,1
4,1
3,0
1,0
1,0
0,0
5,0
1,0
7,0
1,0
4,0
1,0
1,0
3,0
0,0
1,0
5,0
0,0
3,0
5,0
1,0
8,0
6,0
1,0
2,0
5,0
4,0
7,1
0,1
4,0
1,0
9,0
4,0
4,0
2,0
1,0
1,1
0,0
4,0
0,1
1,0
0,1
4,0
2,0
0,0
1,0
7,0
3,0
4,0
4,0
7,0
3,1
1,0
3,1
5,0
3,0
3,0
3,0
0,0
1,0
1,0
1,0
1,0
3,1
2,1
0,0
1,0
3,0
2,0
3,0
5,2
9,1
0,0
6,0
0,0
2,1
0,2
0,0
4,1
1,0
3,0
0,0
3,0
1,0
2,0
0,0
0,0
4,0
1,1
10,1
3,2
0,0
1,0
0,0
1,0
10,1
6,0
5,0
16,1
2,0
5,0
2,0
0,0
3,0
9,1
13,1
2,1
53,1
24,1
3,0
3,0
3,0
2,0
2,1
3,0
1,0
5,0
5,0
4,0
3,0
0,0
2,1
0,0
16,1
4,0
1,0
14,1
23,1
0,0
0,0
2,0
19,1
14,0
9,1
4,0
3,0
8,0
5,1
1,0
3,1
1,0
1,1
1,0
5,0
4,1
0,0
2,0
1,0
7,0
1,0
3,0
6,0
1,0
11,1
1,1
0,0
4,0
1,0
5,0
4,1
0,0
4,0
2,0
4,0
9,0
5,1
2,1
3,1
1,0
0,1
15,0
0,0
7,0
1,0
2,0
8,0
1,0
2,0
0,0
1,0
1,0
0,1
0,0
1,0
2,1
6,0
18,0
11,0
5,0
1,0
4,0
3,0
1,0
0,0
4,0
3,0
6,0
18,1
0,0
7,0
26,1
2,0
2,0
5,0
6,0
2,0
5,1
3,0
9,0
10,0
3,0
0,1
4,0
8,0
6,0
1,0
5,1
7,1
2,0
0,1
1,0
3,0
13,1
2,0
19,1
13,0
17,1
0,0
0,0
0,0
2,0
2,1
0,0
1,0
2,0
5,0
5,0
1,0
4,0
5,0
0,0
2,0
2,0
1,1
2,0
3,0
11,0
2,0
1,0
7,0
5,0
1,0
0,0
3,0
3,1
3,0
1,0
1,1
5,1
1,0
1,0
3,1
5,0
8,0
2,0
6,0
75,1
0,0
3,0
3,0
3,1
3,0
5,0
0,0
0,0
2,0
0,0
0,0
1,0
0,0
0,0
1,0
3,0
12,0
3,0
8,1
1,0
6,0
9,0
3,0
0,0
1,0
5,0
1,1
9,0
1,0
13,1
1,0
7,0
4,0
1,1
4,1
1,0
2,0
2,0
1,0
1,0
7,0
0,0
4,0
1,0
2,0
4,1
0,0
1,1
1,0
1,0
1,1
1,0
2,0
5,1
2,0
4,1
2,0
1,0
4,0
3,0
1,0
0,0
1,0
9,1
1,0
3,0
2,1
2,0
1,0
1,0
1,0
5,1
4,1
0,0
20,1
16,1
0,0
10,0
2,0
1,0
0,1
5,0
2,0
5,0
9,1
4,0
24,0
4,0
2,1
7,0
2,1
1,0
2,1
4,0
2,1
0,0
3,0
9,1
1,0
2,0
2,0
1,0
1,0
5,0
1,0
1,0
2,0
0,0
2,0
2,0
3,0
0,0
3,0
1,0
0,0
0,1
2,0
5,0
0,0
1,0
2,0
8,0
6,0
0,0
4,0
3,1
2,0
8,1
0,0
2,0
7,0
8,1
7,0
4,0
9,0
2,0
5,0
6,1
2,0
7,0
1,0
3,0
6,0
1,0
4,0
0,0
3,0
1,0
3,0
6,0
4,0
3,1
0,0
3,0
0,0
7,0
1,0
2,1
1,0
13,0
8,0
1,0
1,0
2,0
4,0
7,0
2,0
1,0
2,1
2,1
3,0
15,0
20,0
7,0
2,0
5,0
2,0
22,0
15,1
9,0
2,0
2,1
2,0
1,0
9,0
4,1
2,0
3,0
1,1
6,0
0,0
3,0
1,0
4,0
14,1
15,0
4,2
4,0
4,0
0,0
0,0
0,0
2,0
5,0
2,0
16,0
0,0
0,0
3,0
1,0
1,0
2,0
4,0
4,0
8,1
6,1
7,0
3,0
5,1
6,1
4,1
11,0
7,1
0,0
8,0
2,1
1,0
3,0
4,0
1,1
1,0
3,0
1,0
6,0
0,0
1,0
5,0
4,0
0,0
7,0
11,1
18,1
3,1
3,0
4,0
1,0
6,0
4,1
0,0
23,0
3,0
11,0
0,0
3,1
9,0
13,0
2,1
1,0
3,0
0,1
1,0
1,0
1,0
3,0
5,0
0,0
2,0
1,0
6,0
8,1
4,1
1,0
5,0
3,0
1,0
2,1
12,0
3,0
1,0
11,0
3,0
3,0
2,0
1,0
0,0
4,0
4,0
1,0
1,0
8,0
3,1
0,0
4,0
1,0
13,0
3,1
12,0
26,0
7,2
5,0
11,1
1,0
7,0
14,1
8,0
2,0
24,0
10,0
14,0
2,0
6,0
10,1
15,0
5,0
3,0
7,0
9,1
4,0
8,1
13,0
7,0
8,0
1,0
3,0
10,0
6,0
2,0
5,0
3,0
6,1
17,2
2,0
14,1
2,0
8,0
2,0
3,0
0,0
1,1
1,1
4,1
1,1
3,0
14,1
4,0
20,0
25,0
1,0
0,0
5,0
1,0
5,0
0,1
8,1
29,1
2,1
5,0
3,0
1,0
4,0
11,0
2,1
17,0
1,0
2,1
1,1
6,0
5,0
2,0
1,0
8,1
13,0
4,1
0,0
0,0
4,0
8,0
3,0
3,0
11,0
14,0
9,0
4,0
4,0
4,0
3,0
9,1
4,1
1,1
4,0
14,1
1,0
8,0
4,0
1,1
12,1
6,0
4,0
11,0
9,0
1,0
3,0
4,0
8,1
2,0
4,0
11,1
4,0
6,0
1,0
17,0
10,0
10,1
6,1
3,0
1,0
0,0
3,0
2,0
0,0
1,0
2,0
4,0
2,0
0,0
10,0
0,0
3,0
6,0
26,1
24,0
7,1
26,1
23,0
3,0
16,1
1,0
9,0
8,1
6,0
2,0
10,0
2,0
2,0
0,0
5,0
0,0
1,0
3,0
0,0
3,0
2,0
6,0
1,0
2,0
3,0
1,0
7,0
2,0
3,0
0,0
0,0
7,0
2,0
6,0
8,0
0,0
5,0
10,1
9,1
4,1
0,1
3,0
8,0
13,0
4,0
21,1
0,0
18,0
7,0
1,0
1,0
4,0
6,0
5,0
3,0
5,0
4,0
1,0
3,0
2,0
9,0
6,0
0,0
2,0
2,0
5,1
7,1
14,1
4,0
3,0
12,0
2,0
1,0
3,0
4,0
1,0
2,0
3,0
2,0
1,0
1,0
1,0
3,0
2,0
2,0
2,0
7,0
0,0
2,0
1,0
3,0
0,0
1,0
10,0
6,1
6,0
4,0
9,0
4,0
2,0
2,0
1,0
6,2
2,1
1,1
0,0
3,0
1,0
1,0
2,0
1,0
1,0
4,0
0,0
5,0
2,0
3,0
12,0
8,0
1,0
0,0
4,0
4,0
0,0
5,0
8,0
7,0
3,0
1,0
0,0
13,0
15,0
2,1
4,1
7,0
1,0
5,1
4,1
5,0
4,0
12,0
14,1
17,0
8,0
1,1
1,0
20,1
5,1
11,0
18,1
4,1
1,0
6,0
5,1
15,1
1,0
1,0
1,0
6,0
2,0
6,0
13,0
3,0
3,0
4,1
0,0
4,0
0,0
3,0
1,0
3,0
0,1
5,0
5,0
6,1
2,1
1,0
20,0
4,0
1,0
4,0
13,0
4,0
5,0
10,0
2,0
2,0
1,0
12,1
6,0
0,0
0,0
10,0
4,0
0,0
9,0
5,0
18,1
0,0
10,1
9,1
8,0
5,0
0,0
3,0
21,2
8,0
9,0
2,0
0,1
6,0
6,0
2,1
5,0
5,0
3,0
8,0
10,0
15,0
1,0
8,0
9,0
6,0
8,0
4,0
0,0
6,0
2,0
3,0
7,2
0,0
1,0
28,1
7,1
23,1
2,1
7,1
3,0
3,0
2,0
3,0
1,0
0,0
5,0
4,0
1,0
4,0
2,0
2,0
6,0
5,0
3,0
5,0
1,0
0,0
3,0
1,0
10,0
10,0
5,0
3,0
14,0
1,0
16,0
21,1
2,0
15,0
6,0
5,0
4,0
17,0
8,0
16,0
14,0
7,0
3,0
23,0
1,0
4,0
4,0
4,0
10,0
1,0
4,0
14,0
10,0
2,0
2,0
2,0
3,0
11,0
4,0
4,1
1,1
0,0
1,0
0,1
22,1
5,1
14,1
4,0
1,0
6,0
2,0
7,0
1,0
1,0
2,0
2,0
3,0
3,0
3,0
11,0
2,0
9,0
1,0
1,0
18,0
1,1
1,0
11,1
4,0
0,0
12,1
2,0
2,0
3,0
0,0
2,0
3,0
6,0
5,0
3,0
7,1
1,0
9,1
4,0
5,0
3,1
7,0
1,0
6,0
1,0
0,0
6,0
2,0
1,0
3,0
2,0
1,0
2,0
0,0
3,0
14,0
2,1
9,0
2,0
4,0
1,0
1,0
3,0
0,0
2,0
0,0
1,1
0,0
3,0
4,0
4,0
10,1
11,1
7,0
16,0
5,0
6,0
10,1
3,1
11,0
6,0
3,0
1,0
1,0
1,0
3,0
4,1
2,0
0,0
3,0
7,0
14,1
4,0
0,0
1,0
4,0
0,0
0,0
1,0
2,0
5,0
6,0
1,1
6,0
4,0
1,0
4,0
2,0
3,1
35,1
5,0
5,0
12,0
10,0
4,0
2,0
39,1
2,0
2,0
4,0
2,0
3,0
6,0
2,0
0,0
0,1
6,1
9,1
3,0
2,1
2,0
4,0
1,0
0,0
12,0
2,0
2,0
5,0
22,1
1,0
0,0
2,0
1,0
1,0
2,0
4,0
10,0
0,0
2,0
0,0
1,1
0,0
1,0
3,0
1,0
6,0
2,0
27,1
6,0
2,0
13,0
11,1
8,1
5,0
7,1
5,1
4,0
14,0
2,0
2,0
1,0
0,0
2,0
8,0
2,0
0,0
3,0
5,1
1,0
15,0
12,1
9,0
14,1
9,1
9,1
17,0
23,0
1,1
3,1
4,1
24,1
1,1
11,0
25,1
18,0
0,1
0,0
4,0
9,1
1,1
0,0
7,0
1,0
2,0
4,0
2,0
5,1
4,0
13,1
3,0
2,0
9,0
19,1
2,1
5,1
6,0
5,0
4,0
1,0
4,0
2,0
4,0
5,1
12,0
6,1
11,0
11,0
14,0
1,0
6,0
1,0
9,1
2,2
52,2
8,1
25,1
2,0
2,0
4,1
19,1
5,0
4,0
2,0
4,0
2,0
5,0
14,0
17,0
13,0
1,0
0,0
5,1
13,0
8,0
15,0
1,0
5,0
5,0
7,0
9,0
9,0
1,0
5,0
4,0
3,0
4,1
18,1
0,1
5,0
4,0
0,1
3,0
8,0
1,0
3,0
2,0
1,0
1,0
3,0
1,1
4,0
8,0
2,0
8,1
2,1
1,0
1,0
0,0
8,0
6,0
8,1
1,0
2,1
8,0
11,1
4,0
5,0
5,0
4,1
2,1
13,1
5,0
23,3
16,1
0,0
6,0
3,1
2,0
1,1
2,0
12,1
2,0
6,0
9,1
0,0
1,1
0,0
12,1
1,0
0,0
2,0
6,0
1,0
3,0
2,0
4,0
3,0
3,0
1,0
1,0
2,0
4,0
1,0
7,0
6,0
16,0
3,0
5,0
5,0
10,1
4,0
3,0
6,0
0,0
7,0
1,0
5,1
1,0
6,0
5,0
10,0
7,0
4,1
15,0
9,0
8,0
2,0
2,0
2,0
3,0
2,0
3,0
0,0
3,0
3,0
2,0
6,0
2,0
0,1
2,0
1,0
0,0
1,1
1,0
0,0
4,0
11,1
3,0
0,1
7,0
3,0
1,1
2,0
4,0
1,0
3,0
0,0
1,0
3,0
13,0
2,0
1,0
1,0
2,0
10,1
5,1
5,0
2,1
31,1
4,0
20,1
4,1
22,1
5,0
6,0
7,1
2,1
1,1
8,1
12,1
9,1
13,1
0,0
2,0
1,0
2,1
1,1
0,0
21,1
13,1
13,0
7,1
5,0
3,0
12,1
6,1
0,0
9,0
7,0
0,0
2,0
0,0
1,0
1,0
1,1
5,0
1,0
6,0
6,1
1,0
3,0
2,0
8,0
4,0
35,1
25,1
2,1
18,0
21,0
1,1
11,0
13,0
2,0
4,1
2,0
0,0
1,1
0,0
3,0
6,1
5,1
9,0
3,0
1,1
1,0
18,0
2,0
2,1
8,0
1,1
3,1
5,0
2,0
4,1
9,1
1,0
8,0
4,0
2,1
6,0
0,0
3,0
2,0
2,0
5,1
3,1
0,0
6,0
3,0
4,1
3,0
9,0
0,0
1,0
3,0
2,0
0,0
6,0
0,0
0,1
2,0
8,0
4,0
1,0
5,0
5,0
3,0
1,0
2,1
8,1
2,0
8,1
17,1
31,1
17,0
12,2
71,1
23,1
20,1
7,0
6,0
4,0
9,0
14,1
22,1
4,0
1,1
3,0
5,1
1,0
3,0
0,0
4,0
3,1
1,0
1,0
6,0
3,0
7,0
3,0
0,0
2,0
1,0
1,1
0,0
1,0
3,0
2,0
6,0
2,0
5,0
4,0
13,0
5,0
15,0
7,0
3,0
8,0
3,0
2,1
3,0
0,0
4,0
1,0
3,1
18,1
4,0
12,0
2,0
3,0
7,0
0,1
2,0
3,0
3,0
1,0
2,1
4,1
1,0
8,2
0,0
10,0
4,0
18,0
5,0
0,0
2,0
0,1
3,0
10,1
7,1
1,0
4,0
3,0
1,0
1,0
3,0
1,0
13,1
12,1
1,0
8,1
8,1
17,0
24,0
1,0
1,0
17,1
14,1
2,1
0,0
3,0
14,0
7,0
13,0
2,0
2,0
9,0
6,0
21,1
6,0
9,0
3,0
15,1
5,0
10,0
2,1
2,1
16,1
14,1
2,0
1,0
0,0
1,1
0,2
0,0
4,1
5,0
3,0
3,0
0,1
1,0
5,0
5,0
1,0
6,0
1,0
4,0
13,1
11,1
0,0
2,0
0,0
12,0
4,0
7,0
7,0
1,5
2,1
6,0
6,0
4,1
3,0
11,0
3,0
1,0
2,0
3,0
0,0
1,0
0,0
1,0
1,1
5,0
2,0
0,0
1,0
2,1
4,0
3,0
0,0
9,0
6,1
1,0
2,0
0,0
2,0
11,1
3,0
0,0
5,0
2,0
2,1
9,0
2,0
4,0
3,0
7,0
1,0
1,0
2,1
3,1
2,0
2,0
5,1
1,0
5,0
3,0
14,0
4,0
2,2
6,0
1,0
4,0
1,0
0,0
0,0
3,1
1,0
4,0
4,1
1,0
1,0
17,1
8,0
9,1
1,0
0,0
11,0
7,0
2,0
5,0
0,0
4,1
5,0
0,0
0,0
0,0
2,0
5,0
0,0
4,0
1,0
9,1
4,1
3,0
2,0
4,0
1,0
1,0
2,0
3,0
5,0
0,0
1,0
1,0
5,0
1,0
2,0
13,0
1,1
2,0
8,0
7,0
3,1
1,0
4,0
0,0
2,0
4,1
2,0
4,0
10,0
1,0
3,0
2,0
7,0
5,0
2,0
2,0
0,0
3,0
0,0
7,0
8,1
7,0
3,0
10,0
4,0
1,0
3,0
3,0
6,0
4,0
11,1
2,0
19,1
2,1
3,0
8,0
1,0
6,1
3,0
2,0
3,0
6,0
1,0
5,0
5,0
4,0
1,1
5,0
3,0
3,0
0,0
7,0
1,0
1,0
18,1
1,0
4,0
3,1
2,0
16,1
3,0
7,0
2,1
7,2
12,0
4,0
3,1
3,0
7,1
3,0
1,0
4,0
5,1
2,1
6,0
2,0
0,0
9,1
2,0
2,1
0,0
1,0
4,0
1,0
0,0
5,0
2,0
0,0
8,0
3,0
5,1
4,1
0,0
1,0
4,0
14,1
6,0
5,0
4,0
5,0
3,0
7,0
1,0
2,0
6,0
0,0
4,0
2,0
7,1
3,0
8,0
12,0
4,1
1,0
6,0
3,0
1,1
9,0
10,0
2,0
3,0
3,0
1,0
2,0
3,0
2,0
3,0
1,0
4,0
5,1
0,0
8,0
1,0
2,0
3,0
1,0
0,0
2,1
0,1
25,1
4,0
7,0
3,0
2,0
3,0
0,0
2,0
1,0
2,0
4,0
0,0
3,0
5,1
1,0
3,0
12,0
17,0
0,0
4,0
9,0
4,0
0,0
5,0
2,0
2,0
0,0
4,0
2,0
5,0
5,1
3,0
4,0
18,1
1,0
1,0
0,0
4,0
2,0
3,0
3,0
1,0
2,0
1,0
0,0
3,0
4,0
5,0
6,0
0,0
13,1
0,0
7,0
3,0
1,0
3,0
0,0
3,0
4,0
2,0
2,0
2,0
1,0
2,0
1,0
0,1
0,0
8,0
2,0
1,0
11,1
17,1
6,0
0,0
2,0
4,0
1,0
3,0
5,0
3,0
1,0
2,0
2,0
0,0
6,0
6,0
6,0
14,0
13,0
3,0
6,0
3,0
6,0
0,0
1,0
2,0
3,0
2,0
4,0
6,0
1,0
9,0
4,0
3,0
4,1
1,0
2,0
4,0
2,0
1,0
3,1
2,0
6,0
6,0
3,0
2,0
4,0
3,0
6,1
4,0
4,0
4,0
7,1
1,0
6,0
2,0
0,0
4,0
0,0
0,0
0,0
3,0
1,0
1,1
3,0
2,0
5,0
4,0
1,0
1,0
1,0
1,1
3,0
7,2
1,0
6,0
1,0
5,0
1,0
4,0
2,0
3,0
1,0
2,0
1,0
0,0
1,0
3,0
1,0
1,1
1,0
5,1
4,0
5,0
4,0
7,0
12,0
2,0
5,0
7,0
4,0
3,1
1,0
1,0
5,0
2,1
8,0
0,0
1,0
7,0
2,0
2,0
9,0
3,0
4,0
1,0
6,0
0,0
0,0
10,0
5,1
3,0
4,1
4,0
12,0
7,0
15,0
2,1
4,1
2,0
4,0
10,1
6,0
11,0
19,0
0,0
14,0
3,0
0,0
3,0
0,0
3,0
2,0
4,1
0,0
6,0
4,0
1,0
2,0
6,0
0,0
2,0
0,0
0,0
3,0
8,0
6,0
1,0
1,0
1,0
1,0
0,0
2,0
1,0
0,0
2,0
1,0
1,0
1,0
1,0
0,0
4,0
1,0
1,0
0,0
1,0
3,0
5,0
0,0
0,0
0,1
0,0
2,0
3,0
3,0
2,0
6,1
3,0
0,0
0,0
0,0
6,0
3,0
1,0
3,0
4,0
1,0
3,0
1,0
0,0
5,0
0,0
3,0
2,0
1,0
0,0
2,0
0,0
1,0
2,0
3,0
1,0
4,0
2,1
0,0
4,0
7,0
3,0
2,0
52,0
37,0
42,0
12,0
10,1
30,1
5,0
2,0
0,0
2,0
3,0
0,0
4,0
7,0
1,0
1,0
22,1
0,1
5,0
0,0
6,0
8,0
3,0
0,0
7,0
1,0
0,0
6,0
2,0
7,0
1,0
2,0
3,0
4,1
4,1
5,0
4,0
6,0
5,0
5,0
3,0
4,0
2,0
2,0
6,0
3,1
0,0
3,1
13,1
5,1
12,0
2,0
1,0
3,0
8,1
14,0
11,0
2,1
39,1
39,0
10,1
4,0
5,0
1,0
2,0
1,0
2,0
2,0
1,0
1,0
5,0
7,2
11,1
6,0
6,0
7,0
5,0
1,0
3,0
9,0
2,0
1,1
2,0
1,0
3,0
1,0
2,0
1,0
0,0
3,0
4,1
1,0
4,1
4,2
3,0
2,0
8,0
12,1
23,1
3,0
0,1
10,0
4,0
6,0
1,0
0,0
3,0
8,1
2,0
5,0
5,0
1,0
1,0
1,0
0,0
6,1
7,0
5,0
5,0
8,1
1,0
7,0
2,0
4,0
4,0
1,0
11,0
6,0
1,0
3,0
6,0
2,0
2,0
4,1
2,0
11,0
5,1
3,0
8,0
4,0
2,0
1,0
6,0
4,1
4,0
7,0
1,0
7,0
3,0
1,0
0,0
5,2
11,0
6,1
4,0
29,2
0,0
6,0
2,0
6,0
7,1
7,0
4,0
1,1
1,0
5,0
11,0
1,0
1,0
4,0
7,0
1,0
3,1
4,0
1,0
2,0
3,0
1,0
2,0
0,0
1,0
3,0
6,0
1,0
3,0
5,1
21,0
6,0
1,0
6,0
5,0
2,1
3,0
7,0
2,0
5,0
7,0
8,0
1,0
9,0
1,0
8,0
3,0
11,0
2,1
6,1
5,0
4,1
3,0
5,0
2,0
6,0
10,1
17,1
2,1
6,0
2,0
1,0
3,0
1,0
4,0
8,0
2,0
0,0
11,0
0,0
7,0
3,0
5,0
7,0
3,1
4,1
7,1
0,0
1,0
3,0
2,0
1,0
1,0
13,0
1,0
7,0
3,0
8,1
3,0
4,0
0,0
1,0
0,0
8,1
2,0
7,0
0,0
1,0
1,0
5,0
2,0
3,0
1,0
10,0
3,0
6,0
9,1
4,0
1,0
7,1
8,1
1,0
2,0
2,0
1,0
1,0
2,0
3,1
8,0
2,0
1,0
3,0
0,0
1,0
4,0
1,0
6,0
3,0
1,1
1,1
2,0
12,0
1,0
9,1
3,0
8,0
5,0
2,0
1,0
1,0
1,0
6,0
5,0
9,0
6,0
2,1
5,0
1,0
5,1
2,0
10,0
1,0
2,1
20,1
33,1
7,1
5,0
7,0
2,0
1,1
2,0
2,0
12,0
1,0
1,0
0,0
1,0
8,0
18,1
23,1
5,0
4,0
7,0
0,0
1,1
0,1
1,1
5,1
1,0
9,0
1,0
3,1
1,0
0,0
2,0
4,0
4,0
1,0
6,0
1,0
4,0
1,1
0,0
2,0
4,0
0,0
6,0
2,0
2,0
2,0
1,0
4,0
9,0
1,0
0,0
5,0
1,0
6,0
9,0
2,0
5,0
10,0
1,0
2,0
2,0
2,0
4,1
1,0
3,0
3,0
3,0
5,0
2,0
1,0
0,0
5,0
1,0
1,0
1,0
3,0
2,0
7,0
0,0
5,0
3,0
1,0
0,0
4,0
2,0
1,0
2,0
3,0
7,0
1,1
0,0
5,0
3,1
2,0
0,1
2,0
5,0
2,0
5,0
1,0
1,0
4,0
2,0
0,0
6,0
2,0
5,1
5,0
2,0
2,0
0,0
1,0
3,0
1,0
4,0
11,1
1,0
0,0
2,0
0,2
0,0
4,0
0,0
0,0
2,0
4,1
5,1
1,0
0,1
1,1
3,1
3,2
0,0
2,0
0,1
10,1
7,0
3,0
1,0
1,0
3,1
0,0
3,0
0,1
1,0
1,0
2,0
5,0
0,0
0,0
11,0
9,2
6,0
0,0
1,0
2,0
0,0
1,0
0,1
3,0
1,0
3,0
1,0
1,0
2,0
3,0
2,0
9,1
0,0
7,0
9,0
7,1
4,0
2,0
5,0
2,1
6,0
6,0
7,1
1,0
0,0
3,0
3,0
2,0
1,0
2,0
6,0
1,0
3,0
2,1
7,0
3,0
2,0
1,0
8,0
7,1
3,0
4,1
3,0
10,1
10,0
3,0
3,0
3,0
4,0
0,0
2,0
1,0
17,0
11,0
3,0
3,0
4,0
5,0
6,1
14,1
7,0
1,0
8,1
8,1
2,0
0,1
3,0
3,0
2,0
3,0
2,0
29,1
5,0
1,0
1,0
6,1
2,0
9,1
3,0
8,1
2,0
2,0
5,0
6,0
3,0
4,0
5,0
6,1
0,0
3,0
0,0
0,0
3,0
4,0
1,1
12,1
5,1
4,0
11,1
3,1
5,0
8,3
3,0
1,0
1,0
6,1
30,1
28,1
8,1
11,0
7,2
3,0
0,0
1,0
2,1
1,0
2,0
4,1
3,1
1,0
2,0
15,1
3,1
6,0
12,0
0,1
3,0
3,0
5,0
6,2
10,2
1,0
8,1
2,0
2,0
2,0
24,1
2,1
2,1
7,1
5,0
2,1
7,0
18,0
2,1
6,0
11,0
2,0
1,0
2,0
1,0
6,1
0,0
2,0
1,0
0,1
2,0
0,0
27,1
30,1
0,1
6,1
0,0
1,0
14,2
0,0
3,0
1,0
1,0
3,0
3,1
4,0
1,0
3,1
5,0
6,0
0,0
2,0
3,0
4,0
2,0
3,0
7,0
1,0
3,1
4,0
4,0
1,0
3,0
2,0
3,0
6,0
1,0
3,0
5,0
1,0
1,0
1,0
0,0
0,0
0,1
3,0
0,0
7,1
4,1
2,0
6,0
11,1
5,1
3,0
1,1
3,0
9,1
3,1
5,1
6,0
16,1
11,1
5,0
7,1
9,0
16,1
4,1
3,0
4,0
3,0
7,1
3,0
5,0
2,0
5,0
0,1
15,1
1,0
5,1
32,1
2,0
2,0
4,1
3,1
4,1
9,1
3,0
1,0
3,0
4,0
7,0
2,0
0,0
2,0
1,0
4,0
4,0
0,0
2,0
11,0
9,0
2,0
10,0
9,0
6,1
5,0
0,0
11,1
5,1
3,1
5,0
2,0
1,0
1,0
1,0
6,0
4,0
5,0
0,0
3,0
4,0
2,0
5,0
4,0
2,0
1,0
4,1
1,0
5,0
1,0
1,0
3,0
1,0
3,0
5,0
1,0
2,0
2,0
2,0
3,1
1,0
1,0
6,0
0,0
4,0
3,0
7,0
1,0
6,0
7,0
6,0
6,0
8,0
4,0
4,0
5,0
7,0
1,0
8,0
0,0
1,0
1,0
3,0
1,0
3,0
5,0
2,0
2,0
10,0
2,0
1,0
1,0
4,0
5,0
8,0
1,0
3,0
13,0
4,0
8,0
4,0
2,0
5,0
1,0
3,0
8,0
2,0
1,0
0,0
1,0
2,0
0,0
5,0
1,0
5,0
7,0
0,0
6,0
6,0
1,0
4,0
3,0
3,0
6,0
10,0
2,0
3,0
5,0
1,0
9,0
3,0
7,0
7,0
4,0
7,0
0,0
3,1
2,0
1,0
6,1
3,0
8,0
4,1
0,1
1,0
3,0
15,0
3,0
7,0
7,0
8,0
3,0
9,0
5,0
3,0
1,0
3,0
2,0
3,0
3,0
1,0
1,0
6,0
1,1
3,0
2,0
2,0
3,1
6,0
1,0
18,0
1,0
5,0
3,0
2,0
5,0
0,0
2,0
7,0
4,0
2,0
4,0
2,0
1,1
4,0
9,1
5,0
5,0
4,0
8,0
1,1
5,1
1,0
5,0
0,0
1,0
3,0
1,0
7,0
4,0
10,1
1,0
1,0
2,0
3,0
2,0
2,0
8,0
0,0
1,0
1,0
1,1
2,0
6,0
2,0
6,0
2,0
5,1
4,0
0,1
1,0
2,0
2,0
2,0
3,0
4,0
5,0
6,0
14,0
2,0
1,0
12,1
5,1
7,1
4,0
2,1
4,0
3,0
0,0
1,0
6,0
1,0
7,0
1,0
4,0
8,0
7,0
7,0
1,0
0,0
5,0
2,0
2,0
5,0
9,0
2,0
2,0
8,0
6,0
0,1
2,1
2,0
3,0
1,0
5,1
8,1
1,0
3,0
2,1
9,1
1,0
1,1
0,0
0,1
9,1
1,0
5,1
4,1
0,0
9,0
4,0
2,0
1,0
2,0
6,0
1,0
6,0
5,0
12,0
4,0
0,0
4,0
5,0
7,0
10,1
2,0
1,0
0,0
2,0
0,0
6,0
6,1
9,0
4,1
4,0
8,1
1,1
8,0
7,0
9,0
10,1
3,1
2,0
17,1
0,0
1,0
24,1
12,1
15,0
17,0
8,0
8,0
2,0
2,0
4,0
1,0
16,0
1,0
4,0
8,1
1,0
1,0
13,0
2,0
5,0
9,0
2,0
5,0
2,1
2,0
3,1
7,0
1,1
2,1
1,0
7,0
1,0
4,0
0,0
0,1
8,1
0,1
8,0
4,0
0,0
2,0
6,0
3,0
1,0
7,0
6,2
1,0
11,1
0,0
6,0
1,0
1,0
17,1
2,0
17,1
18,1
3,0
0,0
9,0
2,0
18,2
0,0
8,0
3,0
1,0
9,1
0,0
4,1
3,1
4,0
2,0
3,0
6,0
14,0
1,1
5,0
5,0
3,1
1,0
2,0
3,0
3,0
3,0
1,0
2,1
6,0
4,1
7,0
4,1
2,0
4,0
2,0
5,0
11,0
4,0
6,0
0,0
2,0
0,0
3,0
3,0
5,0
3,0
2,1
5,1
2,1
5,0
1,0
0,0
4,0
4,0
2,1
3,1
2,0
4,0
4,0
15,1
3,0
5,0
2,0
2,0
0,0
5,0
8,1
3,0
5,0
2,0
1,0
3,0
3,0
2,1
14,0
1,0
2,1
5,0
2,1
2,0
0,0
1,0
3,0
0,0
2,0
1,0
0,0
1,0
2,0
6,0
1,0
3,0
4,0
1,1
0,0
10,1
2,0
1,0
0,0
0,1
13,1
2,0
0,0
4,1
3,1
2,1
0,0
1,1
4,0
1,0
2,0
3,0
5,0
0,0
3,0
12,1
16,1
6,0
6,0
1,0
2,0
4,0
5,0
5,0
5,0
1,0
3,0
0,0
2,0
6,0
5,0
4,1
13,1
2,0
3,0
0,0
5,0
21,0
6,0
1,1
24,1
14,1
12,1
3,1
7,1
22,1
1,1
33,1
1,0
1,0
63,1
24,1
5,0
11,1
5,1
0,1
4,0
7,0
3,0
3,1
3,0
15,1
1,0
2,1
3,0
5,0
2,0
36,1
12,1
11,1
11,1
3,1
101,1
2,0
2,0
7,1
1,0
0,1
3,0
4,1
1,0
4,1
4,0
2,0
39,1
25,1
69,1
12,1
2,1
7,0
3,0
12,1
7,0
5,0
2,0
3,0
5,0
1,1
13,1
4,0
3,0
1,0
2,1
8,1
1,1
6,0
1,0
9,0
7,1
2,0
4,1
1,0
4,0
4,0
4,0
13,0
3,0
4,1
0,0
3,0
1,0
2,0
4,0
2,0
4,1
2,0
4,0
14,0
6,0
2,0
3,0
1,0
2,0
1,0
1,0
9,0
1,0
2,1
4,0
6,0
2,0
9,0
2,0
3,0
4,0
1,0
1,0
2,0
3,0
1,0
1,0
3,0
9,0
11,0
1,0
3,0
5,0
9,0
7,0
6,1
8,0
5,0
11,1
8,0
2,1
0,0
4,0
1,1
7,1
4,0
3,0
4,0
1,0
3,1
0,0
3,0
11,0
8,0
3,0
8,0
1,0
5,0
27,1
2,0
3,0
0,0
0,1
0,2
0,0
1,0
4,1
3,0
0,0
0,1
13,2
11,0
3,0
0,0
1,0
2,0
1,0
2,0
4,0
1,1
1,1
3,0
2,1
1,0
0,0
0,0
5,0
4,0
7,0
4,1
6,0
4,1
2,0
3,0
2,1
1,0
1,0
1,0
5,0
6,1
6,1
2,0
2,0
1,0
4,0
1,0
0,0
12,0
2,0
2,0
6,0
6,0
16,0
3,0
4,1
6,1
11,1
4,0
4,1
2,0
1,0
10,1
9,0
3,0
3,0
6,0
5,1
0,0
1,0
1,0
1,0
1,0
2,0
5,0
1,0
1,1
6,0
1,0
12,0
0,0
1,0
5,0
4,1
7,0
2,0
1,0
0,0
0,0
0,0
3,0
1,0
1,0
8,1
17,1
5,1
4,0
4,0
5,1
2,1
6,0
0,0
12,0
2,0
5,0
2,0
6,1
5,0
3,0
1,0
11,0
4,0
1,1
7,0
7,1
5,0
6,0
1,0
0,0
7,0
6,0
8,1
1,0
5,0
2,0
2,0
2,0
6,0
7,0
14,0
4,0
2,1
7,1
4,0
2,0
4,1
3,0
3,0
5,0
7,0
5,0
1,0
0,0
12,1
4,1
21,1
6,0
9,1
0,0
5,0
2,0
15,0
2,0
1,0
1,0
0,0
0,0
3,0
1,0
4,0
5,0
6,0
0,0
9,0
3,0
6,0
0,0
1,0
2,0
5,0
3,0
8,0
5,0
9,0
2,0
7,0
4,0
3,0
0,1
1,0
2,0
7,0
11,0
0,0
2,0
14,1
15,1
17,1
3,1
14,0
5,0
6,1
4,0
3,0
4,0
1,0
4,1
1,0
4,1
9,0
47,1
35,0
2,1
10,1
2,1
3,0
5,0
2,0
3,1
2,1
3,0
9,1
1,0
15,0
5,0
4,0
5,0
6,1
2,1
20,3
4,0
5,0
0,0
10,0
2,1
0,0
3,0
7,1
26,1
1,0
1,0
3,0
2,0
7,0
8,0
5,0
9,0
7,1
9,1
0,0
0,0
2,0
2,0
2,1
0,1
4,0
2,0
3,0
1,0
4,0
9,0
2,0
10,1
1,0
3,0
9,0
1,0
6,0
1,1
3,0
5,1
1,0
10,0
6,1
4,0
4,1
5,0
9,0
1,0
2,0
3,0
11,0
4,0
5,0
10,1
1,0
2,0
7,1
6,0
10,1
2,0
5,0
9,0
2,0
1,0
4,0
8,0
8,0
0,0
6,0
8,0
2,0
0,0
0,0
1,0
5,1
3,1
2,0
7,0
6,0
0,0
5,1
10,0
0,0
6,0
6,0
27,0
1,0
6,0
1,1
0,1
6,1
1,1
13,1
5,1
3,0
8,1
5,0
3,1
3,1
0,0
2,0
5,0
0,0
1,1
5,0
4,0
6,1
3,0
4,1
1,0
1,0
3,0
2,0
2,1
2,0
6,0
1,0
0,0
1,0
5,0
1,0
1,0
0,0
2,0
4,0
0,0
0,1
10,0
1,0
5,0
1,0
2,0
6,0
15,1
7,0
0,0
1,0
3,0
1,0
6,0
0,0
3,0
0,1
2,0
1,0
0,0
1,0
0,0
3,0
5,0
0,0
1,0
1,0
0,0
3,0
1,0
2,0
2,0
3,0
2,0
2,0
6,0
2,0
2,0
0,0
6,0
0,0
3,0
1,0
2,0
1,0
5,0
1,0
11,1
5,0
2,0
1,0
5,0
3,0
6,1
0,0
27,0
22,0
5,0
0,0
3,1
0,1
4,0
2,0
2,0
5,0
5,0
6,0
5,1
6,0
2,0
3,0
0,0
3,0
1,0
2,1
4,0
2,0
3,0
4,1
3,0
3,0
3,1
3,0
8,0
2,0
2,0
1,1
1,1
3,0
1,0
1,0
11,1
3,1
2,0
7,0
4,1
0,0
25,1
6,1
4,0
3,1
8,0
5,0
13,1
26,1
5,0
1,0
8,0
5,0
7,1
9,1
0,1
3,0
1,0
1,0
16,0
3,0
8,0
3,1
2,1
2,0
7,0
0,0
0,0
0,0
9,0
2,1
6,0
7,0
5,0
2,0
5,0
3,0
2,0
6,0
3,0
9,0
4,0
8,0
9,1
6,0
35,1
2,0
3,0
7,0
4,0
5,0
6,0
1,1
0,1
4,0
2,0
3,0
6,0
1,1
3,0
5,1
0,0
3,0
1,0
1,0
2,0
3,0
3,1
6,0
5,0
3,0
1,0
3,0
1,0
1,0
0,1
4,0
2,1
2,0
12,0
2,0
1,0
10,0
8,0
4,0
2,0
1,0
1,0
6,0
3,0
9,0
0,0
2,0
4,0
5,0
1,0
7,0
1,0
12,0
6,0
1,0
3,0
1,0
3,0
2,0
3,0
4,0
2,0
4,0
3,0
1,0
3,0
7,0
7,0
2,0
5,0
8,0
1,0
14,1
13,1
11,0
6,0
2,0
1,1
10,1
7,0
1,0
3,0
3,0
3,0
9,0
2,0
2,0
7,0
8,0
0,0
11,0
13,0
8,0
2,0
3,0
5,0
2,0
1,0
3,0
6,0
13,0
0,0
3,0
1,1
5,0
7,1
3,0
9,1
2,0
2,0
1,0
8,0
1,0
3,0
1,0
0,0
1,0
3,0
1,0
2,0
2,1
1,0
3,0
3,0
24,1
3,0
17,1
1,0
0,1
6,0
14,0
4,0
2,0
3,0
12,0
2,0
3,1
2,1
6,0
3,0
7,0
13,1
5,1
0,0
3,0
4,0
0,0
0,0
6,0
4,0
2,1
3,0
4,0
29,1
5,0
15,1
5,0
3,0
19,1
1,0
3,0
0,1
2,0
2,0
6,0
12,0
0,0
2,0
1,0
3,0
8,1
4,0
7,0
2,0
0,0
3,0
6,0
0,0
7,0
18,1
2,0
1,0
3,1
1,0
1,1
1,0
1,0
1,0
1,0
1,0
1,1
4,0
0,1
0,0
1,1
0,1
4,0
11,1
1,0
0,0
4,0
2,1
0,0
4,0
11,0
3,0
2,0
8,0
3,0
3,1
13,0
1,1
0,0
1,0
2,0
0,0
1,0
10,0
4,0
6,0
2,0
2,0
0,0
3,0
2,1
0,0
0,0
5,0
13,1
0,0
3,0
3,0
0,0
6,0
3,0
1,0
14,0
3,0
1,0
5,0
8,0
11,1
2,0
2,0
3,1
5,0
12,1
6,0
10,1
3,0
18,1
2,0
2,0
18,1
8,0
6,0
5,0
5,0
4,0
16,0
8,0
6,0
2,0
5,1
2,0
0,0
2,0
2,0
3,0
1,0
11,0
3,0
4,0
1,0
1,0
2,1
4,0
3,1
7,1
4,0
2,0
1,0
1,0
1,2
1,0
1,0
0,0
3,0
16,1
1,0
3,2
7,0
2,0
7,1
2,0
1,0
4,0
7,0
1,0
9,0
11,0
5,0
1,0
2,0
0,0
2,0
0,0
2,0
6,0
0,0
7,0
2,0
4,1
2,0
1,0
1,0
4,0
1,0
2,0
0,0
1,0
2,0
1,0
7,1
3,0
4,0
3,0
6,0
2,0
7,0
1,0
0,0
2,0
4,1
13,1
8,0
2,0
3,0
0,0
1,0
3,0
1,0
3,1
1,0
0,0
3,0
16,0
1,0
4,0
2,0
0,0
1,1
3,0
17,1
5,0
5,0
2,0
10,1
3,0
5,0
10,0
2,0
1,0
2,0
10,1
5,0
2,0
0,0
4,1
3,0
1,0
9,0
9,0
15,1
9,1
10,1
9,0
6,1
6,0
11,1
9,0
6,0
5,0
0,0
0,0
1,1
5,0
2,0
5,1
7,0
4,1
5,1
1,2
0,0
5,0
2,0
2,1
2,0
3,0
1,0
0,1
1,0
24,0
1,0
3,0
0,0
9,0
3,0
3,0
2,0
3,0
1,1
1,0
15,0
10,0
2,1
4,0
2,0
1,0
1,0
0,0
17,0
4,0
4,0
4,0
0,0
1,1
1,0
3,0
3,1
3,0
2,0
1,0
0,1
0,1
9,0
1,0
2,0
2,0
8,1
2,0
1,0
5,0
2,1
0,0
1,0
2,0
6,0
3,0
1,1
10,0
4,1
2,0
6,0
7,1
1,0
6,0
0,0
3,0
8,0
2,0
5,0
9,0
1,1
2,0
3,1
3,0
5,2
3,0
6,0
3,0
1,2
4,0
6,0
4,0
7,0
7,1
5,0
10,0
3,0
1,0
6,0
0,0
2,0
4,0
2,0
11,0
1,0
3,1
1,0
13,1
13,1
8,0
7,0
1,0
6,0
0,0
1,1
2,1
0,0
13,0
0,0
2,1
0,0
13,1
1,0
2,0
10,1
0,0
2,0
7,0
0,0
2,0
0,0
5,1
20,1
33,0
1,0
5,0
3,0
12,0
2,1
4,0
1,0
4,0
1,0
2,0
2,0
7,0
3,0
4,0
6,1
8,1
0,0
13,0
2,1
1,3
1,0
1,0
16,0
4,0
5,0
1,0
7,1
9,0
15,1
7,1
15,1
2,0
0,0
4,0
3,0
2,0
7,1
2,0
4,0
5,0
2,0
3,0
8,0
3,0
3,0
2,0
2,0
1,0
5,0
2,0
3,1
8,1
4,2
3,0
3,0
4,0
6,0
9,0
2,0
1,0
0,0
7,0
5,0
5,0
4,0
3,0
0,0
3,0
5,1
7,0
2,0
4,0
4,1
3,0
2,0
20,1
2,0
9,0
1,0
6,0
10,0
7,0
6,1
1,0
5,0
3,0
3,0
2,1
0,0
6,0
1,1
1,0
2,1
1,0
2,0
2,1
1,0
7,0
2,0
6,0
4,0
4,0
2,0
7,0
6,0
0,0
3,0
4,1
2,0
7,0
7,0
8,0
2,0
2,0
12,1
8,0
2,0
17,0
0,0
5,0
3,0
5,0
2,0
2,0
0,0
5,0
11,0
2,0
0,0
2,0
15,0
6,0
1,0
4,0
1,0
6,0
2,0
2,0
6,0
3,0
5,0
4,0
0,0
1,0
3,0
3,0
1,0
6,0
0,0
1,1
2,0
6,0
1,0
5,0
3,0
5,1
12,1
1,0
19,0
1,0
8,0
3,0
0,0
0,0
5,0
5,0
1,0
4,1
1,0
2,0
1,0
2,0
2,0
1,1
4,0
6,0
2,1
3,0
6,0
5,1
2,0
4,0
3,0
9,1
1,0
4,0
2,0
1,0
0,0
2,0
2,0
3,0
2,0
0,0
1,0
8,0
1,0
0,0
6,0
6,0
2,0
4,0
5,0
3,0
6,0
3,0
1,0
1,0
5,0
3,0
1,0
2,0
1,0
4,0
6,0
17,1
21,1
0,0
3,0
4,0
0,0
3,0
3,0
6,0
2,0
1,0
3,0
5,0
2,0
4,0
1,0
3,0
1,0
7,1
3,0
5,0
4,0
3,0
5,0
6,1
0,0
3,0
12,1
9,0
5,0
4,0
0,0
2,1
8,1
11,0
6,1
9,1
16,1
21,1
5,0
4,0
2,0
1,0
0,0
1,1
0,0
5,0
3,0
6,0
3,0
2,0
0,0
4,0
0,0
2,0
5,0
1,0
0,0
1,0
5,0
0,0
1,0
7,0
0,0
4,0
1,0
2,0
0,0
3,0
1,0
12,0
3,0
2,0
0,0
3,0
1,0
3,0
1,0
2,0
5,0
0,1
0,0
0,0
1,0
5,1
0,0
0,0
1,0
2,0
2,0
1,0
4,0
2,1
2,0
2,0
0,0
6,0
0,0
2,0
1,0
2,0
2,0
1,0
5,0
1,0
1,0
1,0
1,0
2,0
1,0
2,0
4,0
3,0
2,0
0,0
0,0
1,0
0,0
5,0
3,0
0,0
1,0
3,0
0,0
3,0
1,0
1,0
2,0
6,0
2,0
3,0
2,0
2,0
1,0
3,0
3,0
3,0
4,0
1,0
2,0
2,1
11,1
1,1
2,0
1,0
2,0
0,0
7,0
0,0
3,0
2,0
1,0
1,0
1,0
2,0
1,0
0,0
1,0
4,0
5,0
0,0
1,0
0,0
4,0
1,0
0,0
3,0
2,0
3,0
2,0
1,0
1,0
0,0
3,0
2,0
2,0
1,0
1,0
0,0
2,0
0,0
2,0
0,0
6,0
0,0
1,0
1,0
0,0
1,0
0,0
0,0
0,0
3,0
0,0
1,0
0,0
8,0
2,0
1,0
2,0
3,0
1,0
9,0
4,0
0,0
2,0
3,0
4,0
0,0
6,1
4,0
6,0
2,1
1,0
4,0
3,0
0,0
6,0
3,0
4,0
1,0
0,0
1,0
7,1
1,0
5,0
0,0
5,0
4,0
1,0
3,0
1,0
0,0
4,0
2,0
1,0
2,0
3,0
6,0
2,0
0,0
3,0
4,0
3,0
1,0
5,0
2,0
1,0
5,0
2,0
0,0
2,0
2,0
1,0
2,0
2,0
1,0
1,0
9,0
1,0
2,0
1,0
2,0
2,0
1,0
0,0
1,0
0,0
1,0
0,0
11,0
1,0
8,0
1,0
3,0
0,0
2,0
2,0
0,0
1,0
2,0
2,0
1,0
1,0
2,0
1,0
0,0
1,0
1,0
11,0
1,1
1,0
2,0
2,0
4,0
0,0
3,0
6,0
3,0
3,0
3,0
0,0
1,0
5,0
8,0
2,0
1,0
1,0
2,0
5,0
0,0
2,0
2,0
6,1
1,0
1,0
2,0
0,0
3,0
0,0
1,0
1,0
1,0
1,0
0,0
6,0
0,0
0,0
5,0
6,0
2,0
0,0
3,0
2,0
0,0
0,0
2,0
1,0
2,0
2,0
2,0
2,0
2,0
2,0
2,0
0,0
4,0
10,1
1,0
2,0
3,0
4,0
0,0
5,0
1,0
0,1
2,0
3,0
1,0
0,0
1,0
0,0
1,0
0,0
3,0
2,0
3,0
6,0
1,0
0,0
1,0
4,0
1,0
3,0
3,0
3,0
2,0
3,0
1,0
0,0
0,0
1,0
1,1
3,0
1,0
0,0
1,0
1,0
0,0
4,0
1,0
4,0
0,0
2,0
5,0
2,0
1,0
0,1
2,0
1,0
4,0
0,0
6,0
0,0
1,0
1,1
3,0
6,0
8,0
0,0
0,0
3,0
7,0
0,0
3,0
6,0
1,1
4,0
1,0
3,0
4,0
3,0
5,0
5,0
1,0
2,0
3,0
2,0
0,0
2,0
2,0
2,0
3,0
3,0
1,0
1,0
6,0
2,0
0,0
1,0
2,0
1,0
0,0
1,0
3,0
1,0
1,0
8,0
0,0
0,0
1,0
0,0
5,0
0,0
10,0
2,0
0,0
0,0
2,0
3,0
7,0
2,0
6,0
4,0
1,0
3,0
1,0
1,0
0,0
1,0
4,0
0,0
1,0
2,0
1,0
4,0
1,0
1,0
5,0
0,0
1,0
2,0
4,0
4,0
0,0
3,0
1,0
0,0
7,0
1,0
1,0
1,0
0,0
1,0
4,0
8,0
2,0
0,0
1,0
1,0
1,0
2,0
2,0
2,0
4,0
2,0
3,0
0,0
5,0
4,0
2,0
0,0
5,0
0,0
1,0
3,0
1,0
4,0
1,0
2,0
3,0
3,0
6,0
1,0
1,0
0,0
3,0
1,0
0,0
2,0
1,0
9,0
6,0
2,0
0,0
4,0
1,0
3,0
7,0
8,0
2,0
3,0
1,0
0,0
2,0
8,0
0,0
0,0
2,0
1,0
1,0
5,0
3,1
5,0
4,0
1,0
1,0
2,0
2,0
2,0
0,0
4,0
0,0
3,0
1,0
4,0
2,0
6,0
2,0
1,0
1,0
3,0
1,0
1,0
1,0
4,0
2,0
2,0
2,0
4,0
0,0
1,0
1,0
0,1
1,0
1,0
2,1
4,0
1,0
1,0
1,0
2,0
1,0
4,1
3,0
3,0
7,0
3,0
2,0
5,0
9,0
4,0
0,0
1,0
0,0
3,0
1,1
1,0
2,0
1,0
1,0
0,1
1,0
0,0
3,1
2,0
1,0
1,0
1,0
1,0
0,0
0,0
4,0
2,0
2,1
0,0
1,0
1,0
3,0
1,0
3,0
3,0
5,0
9,0
4,0
3,0
2,0
3,0
0,0
5,0
0,0
0,0
0,0
0,0
6,0
1,0
3,0
5,0
2,0
12,0
3,0
2,0
4,0
0,0
0,0
2,0
2,0
3,0
0,0
0,0
1,0
0,0
5,0
5,0
4,0
7,0
8,0
2,0
4,0
5,0
5,0
1,0
1,0
1,0
4,0
6,0
2,0
2,0
3,0
7,0
5,0
2,0
1,0
4,0
2,0
3,0
1,0
4,0
1,0
8,0
1,0
1,0
2,0
1,0
2,0
0,0
3,0
1,1
4,1
0,0
4,0
2,0
4,0
0,1
4,0
0,0
3,0
1,0
1,0
2,0
7,0
3,0
4,0
9,0
1,0
1,0
4,0
1,0
0,0
5,0
0,0
0,0
10,0
0,0
5,0
1,0
0,0
0,0
4,0
1,0
3,0
2,0
2,0
5,0
1,0
2,0
3,0
3,0
0,1
1,0
0,0
10,0
7,0
1,0
1,0
3,0
2,0
1,0
0,0
2,0
5,0
1,0
3,0
0,0
0,0
2,0
2,0
3,0
0,0
1,0
0,0
4,0
2,0
0,0
1,0
1,0
1,0
2,0
3,0
5,0
2,0
0,0
1,0
2,0
8,0
0,0
0,0
2,0
2,0
5,0
3,0
1,0
2,0
0,0
0,0
0,0
3,0
2,0
2,0
0,0
2,0
2,0
2,0
2,0
4,0
3,0
2,0
1,0
1,0
2,0
2,0
1,0
7,0
5,1
0,0
3,0
2,0
1,0
2,0
4,2
2,0
1,0
2,0
3,0
2,0
1,0
8,0
4,0
1,0
4,0
6,0
0,0
2,0
6,0
0,0
0,0
1,0
0,2
0,0
0,0
1,0
0,0
1,0
1,1
6,0
3,0
8,1
1,0
2,0
0,0
0,0
3,0
1,0
3,0
0,0
2,0
1,0
1,0
2,0
3,0
1,0
0,0
0,0
7,0
1,0
3,0
0,0
2,0
1,0
2,0
0,0
0,0
0,0
9,0
4,0
6,0
4,0
4,0
4,0
1,0
5,0
2,0
1,0
1,0
0,0
2,0
2,0
1,0
3,0
3,1
2,0
5,0
3,0
1,0
1,0
6,0
1,0
1,0
4,0
4,0
3,0
4,0
5,0
0,0
6,0
1,0
2,0
1,0
1,0
1,0
4,0
3,0
1,0
1,0
3,0
0,0
5,0
5,0
6,1
3,0
4,0
10,0
1,0
1,0
1,0
2,0
3,0
2,1
0,0
2,0
3,0
2,0
0,0
0,0
3,0
4,0
4,0
6,0
1,0
2,0
6,0
1,0
3,0
4,0
1,0
1,0
3,0
2,0
0,0
3,0
1,0
1,0
1,0
2,2
2,0
4,0
9,0
4,0
2,0
4,0
1,0
2,0
6,0
1,0
3,0
2,0
4,0
2,0
3,1
3,0
1,0
1,0
0,0
1,0
3,0
1,0
0,0
1,0
1,0
0,0
0,0
2,0
1,0
0,0
2,0
1,0
1,0
6,0
0,0
3,0
1,0
2,0
1,0
0,0
9,0
1,0
2,0
2,0
2,0
3,0
8,0
2,0
5,0
0,0
0,0
4,0
0,0
1,0
2,0
1,0
2,0
0,0
4,0
5,0
1,0
1,0
2,0
1,0
2,0
1,0
3,0
1,0
1,0
3,0
3,0
1,0
2,0
5,0
1,0
2,0
4,0
3,0
2,0
1,0
2,0
6,0
3,0
0,0
2,0
1,0
2,0
1,0
1,0
1,0
2,0
0,0
1,0
2,0
1,0
1,0
1,0
0,0
2,0
2,0
0,0
0,0
7,0
1,1
2,0
1,0
2,0
0,0
1,0
5,0
1,0
1,0
0,0
3,0
1,0
0,0
0,0
1,0
2,0
1,0
2,0
5,0
3,0
1,0
2,0
1,0
4,0
5,0
0,0
4,0
0,2
0,0
0,0
1,0
1,0
1,0
0,0
1,0
6,0
0,0
5,0
3,0
7,0
1,0
3,0
3,0
5,0
1,0
1,0
0,0
4,0
4,0
1,0
0,0
1,0
1,0
2,0
4,0
1,0
1,0
4,0
3,0
5,0
3,0
0,0
1,0
2,0
3,0
0,0
0,0
0,0
5,0
0,0
1,0
4,0
1,0
5,0
0,0
4,0
1,0
4,0
1,0
1,0
0,0
1,0
0,0
1,0
1,0
0,0
1,0
0,0
4,0
2,0
0,0
0,0
2,0
2,1
1,0
1,0
0,0
1,0
2,0
2,0
1,0
4,0
3,0
1,0
4,0
4,0
6,0
1,0
3,0
0,0
1,0
4,0
0,0
0,0
2,0
5,0
2,0
1,0
7,1
0,0
1,0
4,0
2,0
0,0
1,0
1,0
2,0
0,0
2,0
1,0
3,0
0,0
4,0
0,0
2,0
2,0
2,0
0,0
3,0
0,0
2,0
1,0
2,0
0,0
2,0
3,0
4,0
0,0
1,0
0,0
1,0
1,0
1,0
1,0
0,0
0,0
1,0
0,0
1,0
1,0
1,0
3,0
2,0
1,0
7,0
1,0
0,0
5,0
1,0
1,0
0,0
1,0
1,0
1,0
0,0
3,0
1,0
4,1
3,0
3,0
5,0
0,0
0,0
10,0
1,0
0,0
3,0
1,0
2,1
2,1
5,0
4,0
2,0
2,0
6,0
2,0
5,0
4,0
3,0
0,0
6,0
0,0
0,0
2,0
2,0
2,1
2,0
1,0
1,0
6,0
2,0
2,0
2,0
1,0
1,0
5,0
0,0
1,0
8,0
4,0
0,0
6,0
6,0
1,0
2,0
5,0
1,0
0,0
3,0
1,0
2,0
1,0
0,0
5,0
1,0
0,0
0,0
3,0
1,0
1,0
1,0
2,0
3,0
2,0
2,0
1,0
1,0
4,0
5,0
2,0
2,0
2,0
1,0
2,0
0,0
1,0
1,0
1,0
2,0
2,0
1,0
1,0
3,0
2,0
1,0
0,0
2,0
13,0
1,0
5,0
2,0
1,0
1,0
1,0
2,0
4,0
1,0
4,0
4,0
1,0
5,0
0,0
1,0
2,0
2,0
0,0
3,0
2,0
3,0
4,0
0,0
1,0
1,0
0,0
1,0
1,0
2,0
4,0
2,0
0,0
0,0
1,0
0,0
1,0
0,0
2,0
0,0
0,0
2,0
0,0
2,0
4,0
9,0
1,0
2,0
5,0
3,0
4,0
2,0
2,0
3,1
1,0
1,0
0,0
0,0
1,0
7,0
2,0
4,0
1,0
3,0
1,0
3,0
1,0
1,0
2,0
2,0
1,0
0,0
1,0
1,0
3,0
5,0
2,0
2,0
3,0
1,0
3,0
0,0
2,0
0,0
2,0
0,0
1,0
6,0
2,0
3,0
0,0
3,0
3,0
2,0
2,0
1,0
2,0
2,0
2,0
1,0
2,0
0,0
2,0
0,0
1,0
1,0
1,0
0,0
0,0
0,0
0,0
1,0
0,1
1,0
4,0
3,0
3,0
1,0
3,0
2,0
7,0
1,0
4,0
1,0
1,0
3,0
4,0
9,0
10,0
2,0
0,0
4,0
2,0
5,0
1,0
1,0
5,0
0,0
2,0
2,0
5,0
3,0
1,0
2,0
1,0
4,0
3,0
3,0
4,0
2,0
1,0
0,0
1,0
0,0
0,0
1,0
0,0
0,0
0,0
3,0
1,0
1,0
5,0
1,0
3,0
2,0
1,0
0,0
2,0
1,0
2,0
0,1
4,0
1,0
0,0
0,0
2,0
4,0
1,0
3,0
2,0
1,0
2,0
5,0
0,0
2,0
3,0
0,0
4,0
2,0
0,0
3,0
3,0
1,0
1,0
1,0
6,0
3,0
0,0
0,0
1,0
2,0
2,0
1,0
0,0
2,0
6,0
1,0
1,0
0,0
1,0
2,0
1,0
2,0
1,0
0,0
3,0
0,0
1,0
2,0
1,0
1,0
0,0
2,0
1,0
6,0
1,0
1,0
1,0
1,0
1,0
2,0
1,0
0,0
1,0
3,0
0,0
1,0
1,0
2,0
3,0
0,0
4,0
1,0
1,1
2,0
4,0
1,0
0,0
1,0
5,0
5,0
1,0
3,0
0,0
1,0
0,0
1,0
2,0
4,0
1,0
4,0
0,0
1,0
2,0
0,0
2,0
1,0
0,0
0,0
0,0
1,0
3,0
3,0
1,0
1,0
2,0
6,0
1,0
3,0
4,0
4,0
3,0
0,0
1,0
0,0
0,0
1,0
2,0
3,0
1,0
3,0
1,0
1,0
0,0
0,2
4,0
5,0
0,0
1,0
2,0
0,1
0,0
2,0
2,0
2,0
3,0
0,0
1,0
8,0
3,0
3,0
3,0
3,0
2,0
3,0
2,0
8,0
1,0
3,0
8,0
0,0
0,0
2,0
2,0
0,0
1,0
1,0
0,1
0,0
0,0
3,0
3,0
0,0
4,0
1,0
5,0
3,0
1,0
3,0
3,0
3,0
8,0
2,0
2,0
3,0
1,0
2,0
2,0
1,0
1,0
6,0
2,0
3,0
0,0
2,0
2,0
1,0
1,0
2,0
5,0
2,0
2,0
1,0
3,0
0,0
4,0
2,0
0,0
2,0
0,0
0,0
1,0
1,0
0,0
0,0
1,0
1,0
1,0
1,0
3,0
1,0
0,0
2,0
1,0
0,0
0,0
3,0
0,0
1,0
2,0
1,0
2,0
3,0
3,0
1,0
4,0
4,0
6,0
3,0
1,0
3,0
3,0
2,0
5,0
1,0
0,0
0,0
2,0
3,0
8,1
1,0
0,0
4,0
1,0
1,0
3,0
0,0
0,0
12,0
1,0
7,0
1,0
0,0
1,0
5,0
1,0
4,0
0,0
4,0
0,0
1,0
1,0
1,0
0,0
1,0
0,0
1,0
2,0
5,0
0,0
4,0
3,0
5,0
0,0
2,0
1,0
2,0
2,0
3,0
0,0
2,0
2,0
0,0
4,0
4,0
1,0
7,1
1,0
0,0
2,0
1,0
4,0
1,0
2,0
4,0
0,0
1,0
6,0
0,0
3,0
0,0
0,0
1,0
0,0
5,0
3,0
1,0
3,0
1,0
1,0
1,0
10,0
3,0
3,0
2,0
6,0
4,0
5,0
5,0
1,0
2,0
4,0
3,0
3,0
2,0
2,0
0,0
4,0
2,0
4,1
2,0
0,0
1,0
2,0
1,0
5,1
1,0
0,0
3,0
1,0
4,0
1,0
0,0
4,0
1,0
5,0
1,0
3,0
2,0
3,0
0,0
2,0
0,0
1,0
3,0
2,0
1,0
1,0
2,0
5,1
0,0
2,0
1,0
0,0
2,0
2,0
0,0
0,0
3,0
3,0
2,0
2,0
2,0
1,0
3,0
2,0
3,0
1,0
2,0
2,0
2,0
3,0
3,0
2,0
7,0
6,1
3,0
1,0
0,0
2,0
6,0
3,0
0,0
0,0
0,0
2,0
2,0
11,0
2,0
2,0
1,0
3,0
3,0
2,0
0,0
2,0
0,0
3,0
1,0
5,0
3,0
2,0
2,0
1,0
1,0
2,0
1,0
1,0
3,0
3,0
1,0
5,0
2,0
2,0
1,0
1,0
6,0
0,0
1,0
3,0
5,1
3,0
6,0
1,0
5,0
2,0
2,0
0,0
1,0
2,0
8,0
5,0
1,0
4,0
1,0
1,0
4,0
5,0
5,0
2,0
2,0
10,0
1,0
0,0
2,0
1,0
1,0
3,0
4,0
5,0
2,0
3,0
3,1
1,0
1,0
0,0
2,0
2,0
2,0
2,0
5,0
3,0
0,0
0,0
1,0
2,0
1,0
1,0
1,0
0,0
4,0
6,0
4,0
5,0
2,0
1,0
2,0
1,0
1,0
1,0
0,0
2,0
0,0
2,0
4,1
0,0
1,0
0,0
2,0
3,0
2,0
2,2
2,0
3,0
2,0
4,0
3,0
2,0
1,0
1,0
2,0
2,0
0,0
1,0
1,0
2,0
1,0
3,0
1,0
3,0
1,0
7,0
3,0
0,0
1,0
1,0
0,0
0,3
1,0
1,0
2,0
3,0
3,0
1,0
1,1
0,0
6,0
3,0
0,0
3,0
5,0
2,0
1,0
0,0
1,0
2,0
1,0
1,0
3,0
0,0
0,0
3,0
1,0
1,0
6,0
2,0
0,0
1,0
0,0
2,1
6,0
2,0
1,0
4,0
1,0
3,0
1,0
1,0
1,0
2,0
0,0
0,0
0,0
0,0
0,0
3,0
1,0
0,1
3,0
0,0
3,0
9,0
6,0
2,0
4,0
2,0
1,0
0,0
0,0
1,0
1,0
3,0
6,1
0,0
9,0
3,0
0,0
4,0
0,0
1,0
4,0
5,0
0,0
6,0
4,0
4,0
1,0
0,0
2,0
7,0
0,0
2,0
2,0
1,0
0,0
1,0
5,0
0,0
1,0
2,0
0,0
2,0
5,0
1,0
0,0
1,0
2,0
0,0
0,0
3,0
1,0
1,0
0,0
1,0
1,0
4,0
1,0
0,0
3,0
4,0
4,0
2,0
0,0
2,0
1,0
1,0
0,0
2,0
6,0
1,0
0,0
4,0
2,0
1,0
2,0
1,0
1,0
0,0
1,0
2,0
2,0
8,0
0,0
2,0
4,0
1,0
0,0
0,0
0,0
7,1
2,0
2,0
4,0
0,0
4,0
2,0
2,0
4,0
1,0
3,0
3,0
2,0
1,0
1,0
1,0
1,0
0,0
0,0
1,0
3,0
1,0
4,0
3,0
1,0
2,0
3,0
1,0
2,0
3,0
1,0
0,0
1,0
1,0
2,0
2,0
4,0
0,0
3,0
9,0
3,0
2,0
2,0
2,0
0,0
1,0
2,0
3,0
1,0
5,0
1,0
3,0
2,0
2,0
2,0
4,0
2,0
3,0
2,0
1,0
1,0
2,0
0,0
2,0
2,0
1,0
0,0
8,0
4,0
2,0
1,0
2,0
1,0
0,0
2,0
1,0
1,0
1,0
1,0
1,0
1,0
1,0
4,0
2,0
3,0
1,0
1,0
5,0
4,0
1,0
4,0
0,0
3,0
1,0
5,0
8,0
0,0
8,0
4,0
7,0
2,0
3,0
0,0
1,0
4,0
5,0
0,0
3,0
0,0
1,0
1,0
0,0
8,0
3,0
2,0
1,0
1,0
2,0
0,0
0,0
1,0
2,0
1,0
1,0
2,0
1,0
3,0
3,0
2,0
6,0
2,0
1,0
6,0
1,0
3,0
1,0
1,0
3,0
3,0
1,0
3,0
0,0
3,0
1,0
4,0
3,0
0,0
4,0
0,0
0,0
2,0
5,0
1,0
3,0
2,0
0,0
6,0
0,0
1,1
5,0
3,0
3,0
4,0
3,0
1,0
1,0
3,0
2,0
1,0
0,0
0,0
3,0
4,0
3,0
1,0
0,0
3,0
4,0
1,0
1,0
1,0
0,0
1,0
0,0
1,0
4,0
1,0
0,0
4,0
0,0
1,0
1,0
0,0
2,0
1,0
1,0
0,0
0,0
1,0
2,0
1,0
0,0
3,0
6,0
0,0
2,0
0,0
0,0
0,0
0,0
0,0
1,0
0,0
2,0
2,0
2,0
0,0
1,0
1,0
0,0
1,0
2,1
1,0
0,0
7,0
1,0
1,0
2,0
1,0
3,0
1,0
1,0
1,0
2,0
1,0
1,0
3,0
2,0
3,0
0,0
3,0
5,0
0,0
3,0
6,0
2,0
1,0
0,0
7,0
3,0
1,0
1,0
4,0
3,0
4,0
0,0
2,0
1,0
0,0
1,0
1,0
2,0
2,0
8,0
2,1
0,0
0,0
0,0
2,0
0,0
0,0
0,0
1,0
3,0
0,1
2,0
0,0
0,0
6,0
0,0
2,1
0,0
2,0
0,0
3,0
2,0
1,0
2,0
1,0
3,0
1,0
1,0
0,0
2,0
1,0
0,0
1,0
3,0
0,0
0,0
2,0
1,0
2,0
1,0
3,0
1,0
2,0
5,0
0,0
5,0
1,0
3,0
3,0
2,0
3,0
1,0
2,0
0,1
5,1
2,0
0,0
4,0
1,0
3,0
2,0
5,0
4,0
7,0
5,0
3,0
4,0
0,0
4,0
2,0
7,0
1,0
3,0
3,0
3,0
2,0
4,0
4,0
1,0
1,0
1,0
1,0
1,0
1,0
1,0
0,0
2,0
7,0
1,0
3,0
1,0
4,0
0,0
0,0
3,0
0,0
3,0
2,0
3,0
1,0
7,0
2,0
4,0
0,0
1,0
1,0
8,0
2,0
2,0
2,0
0,0
1,0
3,0
1,0
0,0
0,0
2,0
1,0
5,0
1,0
0,0
1,0
3,0
2,0
4,0
1,0
3,0
4,0
0,0
3,0
0,0
2,0
4,0
0,0
0,0
0,0
2,0
0,0
1,0
4,0
4,0
1,0
2,0
4,0
0,0
2,0
2,0
0,0
2,0
2,0
0,0
1,0
2,0
1,0
7,0
0,0
3,0
2,0
2,0
2,0
0,0
2,0
2,0
1,0
1,0
0,0
1,0
2,0
0,0
3,0
3,0
1,0
1,0
0,0
1,0
2,0
10,2
0,0
1,0
6,0
3,0
3,0
1,0
2,0
2,0
1,0
4,0
5,0
4,0
1,0
5,0
2,0
4,0
0,0
1,0
6,0
2,0
1,0
1,0
1,0
0,0
1,0
2,0
1,0
0,0
0,0
0,0
1,0
7,0
1,0
4,0
1,0
3,0
2,0
1,0
0,0
0,0
1,0
2,0
1,0
0,0
4,0
1,0
1,0
3,0
3,0
2,0
1,0
1,0
5,0
1,0
3,0
1,0
7,0
0,0
1,0
4,0
4,0
1,0
4,0
1,0
8,0
0,0
2,0
1,0
1,0
0,0
2,0
0,0
2,0
5,0
1,0
1,0
3,0
1,0
2,0
2,0
1,0
2,0
7,0
2,0
0,0
0,0
1,0
6,0
2,0
1,0
3,0
0,0
2,0
0,0
1,0
2,0
1,0
1,0
0,0
0,0
1,0
3,0
6,0
0,0
1,0
2,0
4,0
2,0
1,0
2,0
4,0
0,0
3,0
2,0
1,0
1,0
0,0
3,0
2,0
3,0
1,0
2,0
0,0
5,0
1,0
3,0
2,0
3,0
1,0
4,0
3,0
4,0
3,0
4,0
0,0
5,0
4,0
6,0
2,0
2,0
2,0
2,0
2,0
1,0
3,0
4,0
3,0
13,0
5,0
0,0
1,0
6,0
0,0
0,0
1,0
1,0
0,0
1,0
4,0
1,0
1,0
1,0
0,0
2,0
1,0
1,0
2,0
0,1
2,0
1,0
0,0
0,0
10,0
1,0
1,0
1,0
5,0
5,0
5,0
2,0
1,0
2,0
3,0
2,0
1,0
0,0
1,0
1,0
0,0
3,0
3,1
2,0
0,0
1,0
1,0
1,0
1,0
5,0
2,0
3,0
3,0
1,0
1,0
6,0
1,0
0,0
5,0
3,0
1,0
1,0
5,0
6,0
1,0
2,0
0,0
1,0
1,0
2,0
2,0
1,0
0,0
2,0
6,0
2,0
2,0
5,0
0,0
0,0
0,0
2,0
4,0
3,0
0,0
0,0
0,0
2,0
1,0
7,0
1,0
3,0
1,0
4,0
4,1
1,0
5,0
1,0
1,0
4,0
2,0
1,0
1,0
2,0
1,0
2,0
0,0
2,0
1,0
1,0
3,0
0,0
0,0
4,0
1,0
2,0
0,0
0,0
4,0
1,0
2,0
5,0
2,0
1,0
1,0
0,0
1,0
2,0
0,0
2,0
3,0
3,0
1,0
0,2
3,0
0,0
0,1
10,0
3,0
2,0
1,0
0,0
2,0
3,0
1,0
0,0
0,0
0,0
1,0
6,0
2,0
0,0
1,0
0,0
5,0
0,0
1,0
0,0
2,0
2,0
2,0
0,0
1,0
1,0
0,0
3,0
2,0
0,0
0,0
0,0
1,0
7,0
1,0
2,0
1,0
2,1
0,1
0,0
0,0
2,0
0,0
2,0
1,0
3,0
1,0
3,0
1,0
6,0
1,0
2,0
2,0
1,0
0,0
4,0
0,0
1,0
2,0
0,0
1,0
2,0
6,0
2,0
0,0
1,0
2,0
0,0
3,0
1,0
1,0
2,0
2,0
1,0
0,0
2,0
3,0
0,0
1,0
1,0
1,0
4,0
1,0
6,0
1,0
1,0
2,0
1,0
1,0
0,1
6,0
4,0
3,0
2,0
0,0
1,0
1,0
1,0
1,0
3,0
5,0
1,0
2,0
0,0
2,0
1,0
4,0
4,0
0,0
3,0
3,0
3,0
2,0
1,0
1,0
2,0
2,0
2,0
1,1
2,0
1,0
2,0
1,0
1,0
4,1
3,0
1,0
1,0
1,0
2,0
2,0
0,0
1,0
2,0
4,0
0,1
1,0
0,0
0,0
3,0
8,0
1,0
2,0
2,0
2,0
0,0
2,0
6,0
4,0
5,0
1,0
1,0
2,0
0,0
1,0
1,0
0,0
1,0
5,0
0,0
1,0
2,0
1,0
3,0
3,0
0,0
1,0
2,0
1,0
1,0
0,1
3,0
1,0
3,0
1,0
3,0
0,0
4,0
2,0
1,0
1,0
1,0
3,0
3,0
0,0
4,0
1,0
1,0
1,0
1,0
3,0
4,0
7,0
2,0
0,0
1,0
6,0
3,0
2,0
2,0
2,0
2,1
1,0
2,0
0,0
1,0
2,0
0,0
2,0
0,1
6,0
2,0
1,0
0,0
0,0
1,0
3,1
1,0
4,0
2,0
1,1
1,0
4,0
2,1
5,0
2,0
1,0
10,0
2,0
7,0
0,0
2,0
4,0
1,0
1,0
4,0
3,0
0,0
2,0
3,0
1,0
1,0
0,0
0,0
2,0
0,1
1,0
5,0
3,0
2,0
2,0
0,0
1,0
0,0
13,0
1,0
3,0
1,0
4,3
1,0
1,0
1,0
0,0
0,0
0,0
0,0
0,0
2,0
0,0
0,1
3,0
1,0
1,0
1,0
1,0
0,1
2,0
2,0
2,0
7,0
3,0
0,0
4,0
1,0
3,0
1,0
4,1
1,0
0,0
1,0
2,0
3,0
1,0
0,0
1,0
0,1
5,0
1,0
3,0
4,0
1,0
1,0
6,0
0,1
4,0
0,0
1,0
1,0
0,0
3,0
1,0
1,0
2,0
3,0
5,0
1,0
0,0
1,0
3,0
0,0
0,1
0,0
3,0
4,0
3,0
0,0
2,0
1,0
1,0
0,0
2,0
6,2
2,0
3,0
10,2
2,0
0,0
0,0
2,0
5,0
0,0
1,0
1,0
8,0
2,0
0,0
4,0
3,0
1,0
4,0
4,0
5,0
0,1
5,2
6,0
2,0
0,0
4,0
0,0
3,0
2,0
0,0
5,0
0,0
2,0
0,0
6,0
1,0
2,0
0,0
1,0
0,0
0,1
6,0
1,0
4,0
3,0
4,2
3,2
2,2
6,0
2,0
0,0
3,0
1,0
0,0
0,0
3,0
0,0
0,1
1,1
1,0
0,0
3,0
1,0
1,0
3,0
3,0
1,0
3,0
4,0
2,0
0,0
2,0
2,0
0,0
0,1
0,1
3,0
3,0
0,0
1,0
1,0
0,0
6,0
4,0
7,0
1,0
1,0
3,0
1,0
1,0
0,0
1,0
2,0
2,0
0,0
1,0
0,1
6,0
3,0
0,0
0,0
3,0
1,1
2,0
5,0
2,1
5,0
0,0
5,0
1,0
0,0
3,0
1,0
5,0
1,0
1,0
1,0
0,0
2,0
0,0
0,0
1,0
0,0
1,0
1,0
0,4
0,0
5,0
2,0
2,0
4,0
1,0
1,0
2,0
2,0
2,0
3,0
0,0
1,0
1,0
0,0
0,0
3,0
1,0
2,0
1,0
0,0
0,0
0,0
2,0
2,0
4,0
4,0
5,0
1,0
1,0
1,0
5,0
3,0
3,0
2,0
1,0
0,0
0,0
1,0
1,0
3,0
0,0
0,0
0,0
3,0
1,0
3,0
0,0
1,0
3,0
4,0
4,0
0,0
9,0
7,0
1,0
2,0
1,0
6,0
1,0
0,0
3,0
0,0
7,0
2,0
3,0
0,0
1,0
1,0
0,0
1,0
2,0
13,0
5,0
1,0
1,0
4,0
0,0
1,0
1,0
0,0
2,0
1,0
0,0
2,0
3,0
0,0
8,0
1,0
3,0
2,0
0,0
2,0
1,0
1,0
1,0
0,0
2,0
2,0
0,0
3,0
3,0
1,0
2,0
1,0
0,0
0,0
1,0
1,0
1,0
1,0
2,0
1,0
2,0
2,0
1,0
1,0
1,0
0,0
1,0
0,0
5,0
0,0
3,0
2,0
2,0
4,0
0,0
0,0
3,0
4,0
3,0
1,0
2,0
1,0
4,0
1,0
1,0
6,0
3,0
3,0
1,0
0,0
11,0
5,0
1,0
0,0
2,0
0,0
1,0
2,0
1,0
1,1
9,0
2,0
4,0
4,0
2,0
2,0
4,0
3,0
1,0
1,0
1,0
2,0
0,0
2,0
1,0
3,0
1,0
1,0
6,0
5,0
0,0
0,0
0,0
1,0
2,0
4,0
2,0
0,0
1,0
2,0
0,0
8,0
0,0
3,0
1,0
1,0
2,0
1,0
4,0
1,0
3,0
0,0
2,0
2,0
2,0
0,0
2,0
0,0
1,0
1,0
3,0
4,0
9,1
7,0
2,0
1,0
1,0
1,0
2,0
0,0
2,0
1,0
1,0
2,0
1,0
1,0
0,0
0,0
1,0
1,0
0,0
2,0
1,0
3,0
1,0
0,0
0,0
1,0
1,0
2,0
0,0
2,0
1,0
3,0
2,0
2,0
1,0
4,0
2,0
3,0
1,0
2,0
0,0
5,0
3,0
6,0
1,0
7,0
1,0
6,0
0,0
4,0
0,0
2,0
1,0
4,0
2,0
1,0
1,0
3,0
2,0
1,0
2,0
2,0
3,0
2,0
1,0
1,0
5,0
5,0
0,0
5,0
1,0
10,0
4,0
1,1
0,0
0,0
1,1
1,0
1,0
2,0
1,0
1,0
1,0
2,0
1,0
1,0
0,0
1,0
1,0
4,0
1,0
1,0
1,0
1,0
2,0
1,0
4,0
1,0
1,0
3,0
0,0
2,0
0,0
0,0
1,0
0,0
1,0
1,0
3,0
0,0
1,0
1,0
1,0
5,0
2,0
2,0
2,0
3,0
0,0
7,0
1,0
0,0
5,0
3,0
3,0
2,0
1,0
1,0
3,0
0,0
0,0
2,0
0,0
1,0
1,0
2,0
6,0
1,0
4,0
2,0
2,0
0,0
1,0
4,0
1,0
3,0
2,0
2,0
0,0
1,0
2,0
0,0
3,0
1,0
0,0
2,0
2,0
1,0
4,0
1,0
2,0
1,0
2,0
1,0
2,0
2,0
1,0
2,0
0,0
1,0
4,0
0,0
5,0
1,0
3,1
7,0
0,0
2,0
6,0
0,0
1,0
1,0
1,0
3,0
2,0
3,0
0,0
0,0
3,0
4,0
2,0
1,0
1,0
3,0
1,0
3,0
3,0
0,0
4,0
0,0
4,0
4,0
1,0
2,0
0,0
1,0
0,0
1,0
3,0
1,0
2,0
14,0
3,0
2,0
2,0
4,0
0,0
2,0
2,0
1,0
3,0
0,0
8,0
1,0
1,0
0,0
2,0
2,0
3,0
1,0
1,0
2,0
1,0
1,0
3,0
0,0
2,0
3,0
3,0
1,0
1,0
3,0
1,0
2,0
3,0
2,0
0,0
1,0
0,0
0,0
0,0
3,0
0,0
2,0
1,0
2,0
1,0
0,0
1,0
4,0
0,0
0,0
2,0
2,0
0,0
1,0
3,0
0,0
1,0
2,0
0,0
2,0
1,0
2,0
2,0
2,0
3,0
2,0
3,0
1,0
0,0
1,0
0,0
3,0
0,0
1,0
1,0
2,0
0,0
1,0
0,0
1,0
0,0
3,0
0,0
2,0
0,0
0,0
1,0
2,0
2,0
1,0
1,0
1,0
1,0
0,0
2,0
2,0
1,0
3,0
0,0
0,0
2,0
3,0
1,0
2,0
2,0
2,0
0,0
0,0
4,0
1,0
1,0
0,0
4,0
2,0
0,0
1,0
2,0
5,0
1,0
1,0
1,0
2,0
1,0
1,0
2,0
0,0
2,0
1,0
10,0
1,0
1,0
0,0
0,0
3,0
1,0
2,0
1,0
4,0
6,0
4,0
3,0
5,0
3,0
11,0
0,0
3,0
1,0
0,0
3,0
3,0
4,0
0,0
2,0
2,0
3,0
1,0
2,0
2,0
1,0
1,0
1,0
2,0
1,0
4,0
1,0
1,0
1,0
1,0
1,0
1,0
3,0
0,0
1,0
5,0
3,0
1,0
4,0
9,0
3,0
6,0
3,0
1,0
3,0
1,0
1,0
2,0
2,0
4,0
1,0
2,0
5,0
3,0
2,0
0,0
2,0
0,0
4,1
2,0
2,0
4,0
0,0
2,0
2,0
1,0
5,0
3,0
1,0
2,0
9,0
0,0
1,0
3,0
3,1
1,0
0,0
3,0
3,0
2,0
2,0
1,0
2,0
6,0
3,0
1,0
1,0
2,0
1,0
3,0
1,0
4,0
1,0
4,0
1,0
2,0
1,0
3,0
4,0
2,0
1,0
4,0
1,0
0,0
0,0
1,0
0,0
5,0
5,0
1,0
3,0
0,0
1,0
1,0
1,0
1,0
2,0
1,0
3,0
1,0
0,0
1,0
2,0
0,0
1,0
1,0
2,0
3,0
0,0
5,0
4,0
1,0
1,0
2,1
0,0
1,0
2,0
2,0
0,0
0,0
5,0
0,0
5,0
6,0
3,0
1,0
0,0
0,0
1,0
0,2
0,0
3,0
2,0
1,0
2,0
1,0
3,0
4,0
4,0
1,0
3,0
3,1
7,0
2,0
7,0
3,0
1,0
0,0
2,0
2,0
1,0
0,0
1,0
2,0
2,0
4,0
1,0
1,0
1,0
0,0
0,0
0,0
3,0
1,0
1,0
3,0
0,0
0,0
1,0
2,0
1,0
1,0
3,0
2,0
1,0
5,0
1,0
1,0
4,0
3,0
1,0
2,0
4,0
0,0
4,0
4,0
3,0
0,0
1,0
0,0
3,0
1,0
1,0
3,0
0,0
3,0
1,0
1,0
3,0
1,0
0,0
2,0
1,0
2,0
1,0
0,0
0,0
1,0
3,0
3,0
2,0
2,0
0,0
2,0
6,0
1,0
1,0
1,0
4,0
1,0
1,0
0,0
4,0
2,0
1,0
2,0
2,0
3,0
1,0
3,0
1,0
4,0
3,0
3,0
0,0
1,0
0,0
6,0
2,0
1,0
3,0
1,0
1,0
2,0
6,0
4,0
5,0
1,0
1,0
1,0
2,0
1,0
2,0
1,0
0,0
0,0
1,0
0,0
3,0
0,0
2,0
1,0
3,0
8,0
0,0
0,0
0,0
1,0
0,0
4,0
3,1
2,0
2,0
1,0
1,0
3,0
1,0
1,0
1,0
2,0
2,0
2,0
0,0
0,0
0,0
3,0
1,0
0,0
3,0
1,0
5,0
2,0
1,0
0,0
0,0
0,0
0,0
1,0
0,0
0,0
1,0
0,0
1,0
2,0
1,0
5,0
1,0
5,0
0,0
2,0
0,0
1,0
2,0
3,0
2,0
2,1
5,0
2,0
0,0
0,0
5,0
2,0
1,0
2,0
3,0
1,0
4,0
0,0
2,0
0,0
2,0
3,0
1,0
2,0
4,0
0,0
4,0
2,0
0,0
3,0
1,0
7,0
2,0
9,1
3,0
3,0
2,0
4,1
10,0
11,0
4,0
2,0
3,0
1,1
3,0
6,0
2,0
3,0
5,0
3,0
6,0
4,0
4,0
2,0
2,0
1,0
1,0
2,0
9,0
1,0
1,0
4,0
7,1
2,0
6,0
2,0
2,0
8,0
3,0
2,0
4,0
1,0
3,0
4,0
3,0
3,0
0,0
8,0
3,0
6,0
3,0
2,0
2,0
1,0
2,0
1,0
6,0
0,0
0,0
1,0
1,0
0,1
4,1
1,0
2,0
7,0
3,0
4,0
4,0
3,0
1,0
5,0
5,0
2,0
5,0
1,0
1,0
2,0
3,0
6,1
2,1
6,0
5,0
2,0
3,0
2,0
1,0
1,0
3,0
2,0
1,0
1,0
0,2
1,0
0,0
0,0
1,0
0,1
4,0
4,0
2,0
2,0
1,0
1,0
5,0
2,0
1,0
1,0
0,0
1,0
1,0
1,0
0,0
5,0
1,0
0,0
3,0
0,0
7,0
3,0
1,0
2,0
3,0
1,0
2,0
5,0
2,0
1,0
2,0
1,0
2,0
2,0
1,0
1,0
2,0
1,0
2,0
0,0
1,0
1,0
2,0
7,0
1,0
2,0
3,0
2,0
2,0
2,0
1,0
1,0
4,0
2,0
2,0
0,0
1,0
0,0
3,0
1,0
6,0
2,0
5,0
1,0
3,0
0,0
2,0
1,0
0,0
0,0
1,0
0,0
2,0
2,0
0,0
1,0
2,0
1,0
0,0
0,0
0,0
0,0
2,0
4,0
1,0
3,0
4,0
6,0
2,0
1,0
0,0
1,0
0,0
1,0
0,0
3,0
1,0
3,0
4,0
2,0
2,0
0,0
5,0
2,0
2,0
1,0
2,0
3,0
0,0
1,0
8,0
3,0
1,0
0,0
2,0
3,0
1,0
1,0
4,0
1,0
1,0
2,0
1,0
1,0
3,0
1,0
1,0
2,0
0,0
0,0
0,0
3,0
3,0
1,0
1,0
3,0
2,0
3,0
1,0
4,0
1,0
0,0
3,0
1,0
1,0
0,0
1,0
0,0
2,0
1,0
0,0
7,0
0,0
0,0
1,0
5,0
0,0
3,0
2,0
1,0
1,0
0,0
1,0
0,0
2,0
2,0
1,0
2,0
2,0
1,0
2,0
0,0
4,0
2,0
3,0
2,0
0,0
3,0
0,0
1,0
1,0
0,0
2,0
2,0
4,0
6,0
4,0
1,0
0,0
2,0
4,0
2,0
0,0
5,0
6,0
2,0
3,0
5,2
2,0
3,0
2,0
4,1
2,0
11,0
3,0
0,0
5,0
4,0
3,0
0,0
3,0
1,0
2,0
0,0
1,0
1,0
3,0
0,0
0,0
2,0
0,0
7,0
0,0
1,0
0,0
2,0
1,0
1,0
1,0
2,0
2,0
5,0
3,0
1,0
2,0
0,1
10,0
9,0
1,0
2,0
3,0
1,0
4,0
2,0
1,0
1,0
2,0
3,0
1,0
0,0
1,0
3,0
0,0
1,0
0,0
0,0
2,0
1,0
3,0
0,0
0,0
2,0
4,0
1,0
2,0
1,0
0,0
2,0
2,0
3,0
3,0
1,0
2,0
2,0
2,0
0,0
2,0
2,0
3,0
8,0
0,0
6,0
2,1
3,0
0,0
1,0
5,1
2,0
0,0
1,0
2,0
2,0
1,0
0,0
1,0
4,0
2,0
2,0
1,0
1,0
1,0
2,0
4,0
1,0
3,0
0,0
1,0
1,0
2,0
1,0
2,0
1,0
2,0
2,0
2,0
1,0
2,0
1,0
4,0
3,0
1,0
1,0
5,0
1,0
3,0
2,0
2,0
3,0
0,0
1,0
1,0
1,1
6,0
0,0
5,0
2,0
0,0
1,0
0,0
3,0
1,2
3,1
4,0
3,0
3,0
13,1
0,0
1,0
0,0
1,0
2,0
4,0
4,0
3,0
1,1
1,0
2,0
1,0
2,0
5,0
0,0
1,0
1,0
4,0
0,0
5,0
10,0
1,0
1,0
5,0
2,0
0,0
1,0
0,0
1,0
2,0
1,0
1,0
4,0
6,0
9,0
0,0
2,0
0,0
1,0
2,0
0,0
2,0
2,0
5,0
1,0
4,0
2,0
1,0
0,1
4,0
0,0
3,0
8,0
4,0
2,0
5,0
1,0
1,0
2,0
5,0
0,1
0,0
2,0
3,0
3,0
6,0
5,0
0,0
2,0
0,0
3,0
3,0
1,0
6,0
1,1
1,0
1,0
3,0
3,0
1,0
5,0
2,0
9,0
7,0
1,0
4,0
2,0
1,0
1,0
1,0
4,0
0,0
2,0
1,0
1,0
4,0
4,0
1,0
3,0
4,0
1,0
2,0
2,1
0,0
0,1
1,0
2,0
0,0
2,0
1,0
2,0
1,0
6,0
4,0
3,0
1,0
0,0
4,0
1,0
2,0
1,0
0,0
2,0
2,0
1,0
0,1
1,0
7,0
4,0
0,0
2,0
4,0
2,0
1,0
3,0
3,0
2,0
6,1
4,0
1,0
6,1
0,0
2,0
5,0
2,1
2,0
2,0
0,0
5,0
0,0
3,0
0,0
2,0
4,0
0,0
0,0
1,0
5,0
3,0
4,0
0,0
3,0
2,0
0,0
2,0
0,0
1,0
2,0
2,0
1,0
2,0
0,0
1,0
4,1
1,0
1,0
0,0
3,0
6,0
2,0
0,0
3,0
1,0
1,0
0,0
4,0
1,0
4,0
4,0
0,0
3,0
1,0
1,0
1,0
3,0
4,0
0,0
2,0
0,0
2,0
1,0
0,0
1,0
1,0
1,0
1,0
1,0
5,0
1,0
0,0
2,0
2,0
7,0
0,0
2,0
1,0
1,0
7,0
1,0
2,0
1,0
1,0
1,0
1,0
2,0
0,0
2,0
1,0
1,0
4,0
4,0
0,0
1,0
0,0
3,0
3,0
4,0
1,0
3,0
1,0
1,0
0,0
1,0
1,0
0,0
1,0
0,0
1,0
1,0
2,0
2,0
0,0
3,0
2,0
0,0
2,0
0,0
1,0
0,0
0,0
1,0
0,1
0,0
3,0
3,0
0,0
1,0
1,1
5,0
1,0
5,0
0,0
2,0
0,0
1,0
0,0
1,0
3,0
2,0
14,0
2,0
1,0
2,0
2,0
5,0
0,0
4,0
0,0
2,0
1,0
0,0
5,0
2,0
1,0
1,0
3,0
1,0
1,0
1,0
3,0
1,0
2,0
3,0
5,0
2,0
1,0
5,0
2,0
3,0
3,0
1,0
0,0
3,0
8,0
1,0
3,0
1,0
1,0
0,0
1,0
0,0
1,0
4,0
3,0
3,0
1,0
6,0
2,0
6,0
0,0
4,0
0,0
2,0
5,0
2,0
1,0
2,0
1,0
4,0
2,0
5,0
4,0
3,0
3,0
4,0
5,0
1,0
2,0
1,0
0,0
1,0
6,0
2,0
2,0
2,0
1,0
1,0
0,0
0,0
0,0
0,0
6,0
4,0
3,0
0,0
1,0
5,0
1,0
3,0
1,0
4,0
0,0
2,0
1,0
0,0
3,0
2,0
1,0
1,0
0,0
1,0
3,0
1,1
2,0
0,0
5,0
0,0
2,0
5,1
8,0
0,0
1,0
0,0
1,0
2,0
3,0
5,0
1,0
1,0
3,0
0,0
4,0
1,0
1,0
1,0
1,0
0,0
2,0
4,0
3,0
1,0
1,0
4,0
2,0
0,0
1,0
0,0
1,0
0,0
2,1
0,0
1,0
5,0
5,0
1,0
1,0
5,0
2,0
1,0
4,0
0,0
1,0
1,0
0,0
2,0
1,0
0,0
4,0
2,0
0,0
1,0
2,0
3,0
0,0
1,0
2,0
3,0
6,0
1,0
5,0
1,0
0,0
2,0
6,0
2,0
0,0
2,0
4,0
5,0
0,0
2,0
0,0
4,0
6,0
1,0
2,0
1,0
4,0
1,0
3,0
0,0
2,0
1,0
1,0
2,0
0,0
4,0
3,0
3,0
4,0
1,0
2,0
6,1
0,0
2,0
4,0
0,0
1,0
1,0
1,1
1,0
0,0
0,0
0,0
1,0
1,0
0,0
0,0
1,0
1,0
1,0
1,0
2,0
1,0
1,0
0,0
2,1
0,2
0,0
2,0
0,0
3,0
1,0
0,0
1,0
1,0
0,0
0,0
4,0
4,0
2,0
1,2
0,0
0,0
0,0
0,0
6,0
5,0
3,0
4,0
1,0
0,0
4,0
0,0
1,0
1,0
0,0
3,0
8,0
1,0
0,0
4,0
2,0
1,0
2,0
0,0
0,0
2,0
2,0
2,0
0,0
0,0
3,0
1,0
1,0
0,0
2,0
0,0
2,0
2,0
0,0
6,0
3,0
1,0
0,0
0,0
4,0
2,1
3,0
2,0
4,0
1,0
1,0
7,0
1,0
0,0
6,0
0,0
0,0
5,0
1,0
2,0
0,0
2,0
2,0
1,0
4,0
4,0
2,0
3,0
1,0
6,0
1,0
1,0
2,0
1,0
0,0
2,0
1,0
0,0
4,0
2,0
1,0
2,0
0,0
5,0
2,0
1,0
3,0
1,0
2,0
1,0
7,0
2,0
4,0
1,0
4,0
1,1
1,0
4,0
1,0
0,0
4,0
3,0
3,0
2,0
0,0
2,0
1,0
1,0
1,0
5,0
1,0
2,0
1,0
1,0
2,0
8,0
1,0
4,0
4,0
0,0
3,0
1,0
2,0
1,0
0,0
3,0
0,0
0,0
5,0
0,0
5,0
0,0
0,0
1,0
0,0
1,0
0,0
2,0
1,0
0,0
1,0
1,0
0,0
1,0
1,0
2,0
1,0
2,0
1,0
0,0
1,0
0,0
1,0
1,0
3,0
2,0
1,0
0,0
2,0
3,0
3,0
2,0
1,0
1,0
2,0
1,0
1,0
0,0
0,0
1,0
4,0
3,0
3,0
1,0
3,0
4,0
0,0
0,0
2,0
0,0
1,0
2,0
1,0
0,0
3,0
0,0
0,0
1,0
0,0
1,0
0,0
3,0
5,0
2,0
1,0
4,0
0,0
4,0
2,0
4,0
4,0
2,0
2,0
4,0
0,0
0,0
1,0
1,0
0,0
0,0
0,0
5,0
2,0
6,0
3,0
2,0
4,0
2,0
1,0
3,1
1,0
3,0
0,0
1,0
0,0
0,0
1,1
0,0
2,0
1,0
2,0
5,0
2,0
1,0
3,0
1,0
2,0
1,0
1,0
0,0
1,0
4,0
1,0
2,0
3,0
0,0
1,0
1,0
2,0
2,0
2,0
3,0
0,0
2,0
6,0
0,0
1,0
1,0
1,0
0,0
8,0
1,0
0,1
2,0
3,0
3,0
2,0
1,0
3,0
5,0
0,0
0,0
0,0
0,0
2,0
0,0
6,0
1,0
1,0
0,0
1,0
0,0
0,0
0,0
0,0
0,0
5,0
0,0
4,0
3,0
0,0
1,0
0,0
1,0
1,0
0,0
1,0
3,0
1,0
2,0
3,0
1,0
2,0
5,0
1,0
1,0
1,0
1,0
1,0
1,0
2,0
5,0
4,0
1,0
1,0
2,0
4,0
2,0
1,0
1,0
5,0
0,0
3,0
2,0
1,0
1,0
5,0
1,0
1,0
2,0
0,0
6,0
0,0
2,0
1,0
4,0
5,0
0,0
1,0
2,0
1,0
2,0
0,0
1,0
0,0
1,0
0,0
2,0
9,0
2,0
2,0
1,0
2,0
3,0
8,0
5,0
1,0
1,0
1,0
3,0
5,0
1,0
0,0
4,0
2,0
2,0
1,0
1,0
2,0
1,0
5,0
3,0
1,0
2,0
1,0
1,0
2,0
0,0
0,0
2,0
2,0
4,0
0,0
0,0
2,0
2,0
0,0
2,0
1,0
1,0
0,0
3,0
1,0
0,0
7,0
2,0
1,0
9,1
1,1
2,0
3,0
6,0
2,0
1,0
0,0
1,0
1,0
2,0
1,0
2,0
0,0
3,0
5,0
0,0
4,0
4,0
1,0
3,0
3,0
0,0
1,0
0,0
1,0
1,0
2,0
2,0
0,0
4,0
3,0
2,0
1,0
0,0
2,0
1,0
1,0
0,0
2,0
1,0
2,0
1,0
2,0
0,0
1,0
0,0
1,0
5,0
3,0
2,0
2,0
7,0
2,0
2,0
1,0
1,0
0,0
2,1
1,0
1,0
2,0
6,0
2,0
0,0
1,0
8,0
1,0
2,0
2,1
2,0
2,0
0,0
6,0
2,1
4,0
0,0
3,1
4,0
2,0
5,0
2,0
3,0
0,0
1,0
4,0
6,0
1,0
0,0
1,0
7,0
1,0
2,0
1,0
2,0
1,0
1,0
1,0
1,0
2,0
4,0
1,0
3,0
1,0
1,0
2,0
1,0
2,0
1,0
0,1
0,0
3,2
1,0
1,0
2,0
0,0
1,0
1,0
2,0
4,1
1,0
2,0
1,0
1,0
1,0
0,0
0,0
2,0
2,0
2,0
3,0
3,0
1,0
0,2
0,0
0,0
2,0
0,0
4,0
7,0
1,0
6,0
2,0
1,0
1,0
0,0
4,0
1,0
4,0
4,0
4,0
0,0
1,0
3,0
1,0
1,0
3,0
2,0
9,0
4,0
1,0
4,0
0,0
1,0
1,0
4,0
0,0
2,0
0,0
0,1
4,0
2,0
1,0
5,1
7,0
1,0
0,0
4,0
3,0
2,0
0,0
4,0
7,1
4,0
1,0
2,0
3,0
3,1
0,0
3,0
8,0
1,0
12,0
5,0
1,0
0,0
3,0
2,0
1,0
1,0
2,0
3,0
1,0
0,0
4,0
2,0
3,0
1,0
1,0
0,0
4,0
11,2
7,0
0,0
0,0
1,0
1,0
6,0
1,0
0,0
2,0
1,0
1,0
1,0
3,0
1,0
0,0
1,0
1,0
0,0
3,0
2,0
1,0
1,0
1,0
1,0
1,0
1,0
0,0
0,0
1,0
4,0
0,0
0,0
4,0
0,0
0,0
9,0
2,0
2,0
1,0
3,0
4,0
3,0
2,0
9,1
0,0
1,0
1,1
2,0
2,0
1,0
1,0
0,0
4,0
4,0
2,0
3,0
5,0
1,0
0,0
1,0
2,0
2,0
0,0
2,0
4,0
1,0
1,0
0,0
1,0
1,0
0,0
1,0
0,0
1,0
1,0
1,0
2,0
1,0
3,0
1,0
2,0
3,0
0,0
0,0
0,0
0,0
2,0
1,0
2,0
3,0
3,0
3,0
0,0
3,0
1,0
1,0
1,0
2,0
2,0
1,0
1,1
0,0
5,0
0,0
1,0
0,0
0,0
1,0
1,0
0,0
0,0
2,0
0,0
0,0
4,0
1,0
4,0
4,0
1,0
1,0
2,0
0,0
2,0
5,0
1,0
0,0
0,0
0,0
2,0
3,1
2,0
3,0
1,0
3,0
2,0
1,0
2,0
0,0
2,0
3,0
5,0
1,0
2,1
1,1
1,0
5,0
0,0
1,0
3,0
2,0
0,0
2,0
5,0
3,0
6,0
1,0
0,0
2,0
3,1
3,0
4,0
3,0
1,0
0,0
3,0
1,0
4,1
1,0
1,0
2,0
1,0
6,0
3,0
1,0
1,0
0,0
1,0
3,0
6,0
3,0
2,0
1,0
1,0
2,0
4,0
3,0
7,0
3,0
0,0
0,0
10,0
11,0
6,0
0,0
0,0
3,0
2,0
4,0
4,0
2,0
0,0
4,0
7,0
0,1
6,0
2,0
3,0
2,0
2,0
3,0
4,0
3,0
6,0
5,0
2,0
3,0
4,0
1,0
4,0
5,0
11,0
9,0
4,0
3,0
8,0
1,0
3,0
2,1
1,0
1,0
2,1
1,0
0,0
3,0
6,0
6,0
2,0
2,0
1,0
5,0
2,0
2,0
3,0
0,0
2,0
2,0
0,0
3,0
3,0
3,0
4,0
1,0
1,0
9,0
1,0
3,0
1,0
2,0
5,0
0,0
1,0
10,0
5,0
2,0
4,0
0,0
0,0
2,0
1,0
2,0
1,1
6,0
3,0
1,0
4,0
3,0
0,0
1,0
0,0
5,0
1,0
3,0
11,0
1,0
1,0
3,0
0,0
3,0
7,0
4,0
0,0
4,0
0,0
1,0
0,0
4,0
2,0
0,0
2,0
2,0
6,0
1,0
0,0
2,0
3,0
2,0
3,0
2,0
2,0
0,0
5,0
1,0
2,0
1,0
1,0
1,0
1,0
0,0
5,0
2,0
1,0
4,0
3,0
1,0
2,0
2,0
3,0
0,0
10,0
1,0
0,0
6,0
1,0
1,0
4,0
5,0
0,0
7,0
2,0
2,0
1,0
0,0
5,0
1,0
1,0
2,0
2,0
0,0
1,0
2,0
2,0
3,0
1,0
2,0
1,0
3,0
0,0
5,0
0,0
1,0
2,0
0,0
1,1
0,0
1,0
11,0
11,0
3,0
1,0
4,0
3,0
2,0
0,0
1,0
7,0
3,0
5,0
2,0
2,0
0,0
2,0
7,0
1,0
0,0
0,0
1,0
1,0
2,0
1,0
1,0
2,0
4,0
1,0
0,0
2,0
0,0
0,0
8,0
2,0
0,0
0,0
0,0
5,0
1,0
0,0
2,0
1,0
5,0
5,0
4,0
2,0
1,0
2,0
1,0
3,0
1,0
0,0
1,0
2,0
3,0
2,0
2,0
0,0
0,0
0,0
1,0
3,0
1,0
1,0
4,0
2,0
0,0
1,0
2,0
3,0
2,0
0,0
0,0
0,0
1,0
2,0
2,1
2,1
2,0
2,0
0,0
1,1
0,0
8,0
2,0
1,0
0,0
2,0
3,1
0,0
1,0
1,0
3,0
8,0
2,0
0,0
6,0
0,0
2,0
6,0
0,0
1,0
3,0
3,0
7,0
1,0
0,0
2,0
1,0
1,0
0,0
0,0
2,0
3,0
9,0
2,0
6,0
1,0
0,0
1,0
0,0
0,0
5,0
6,0
1,0
1,0
6,0
0,0
3,0
2,0
2,0
1,0
4,0
0,0
1,0
4,0
2,0
2,0
1,0
2,1
0,0
2,0
4,0
3,1
3,0
0,0
1,0
1,0
1,0
2,0
4,0
0,0
3,0
0,0
0,0
3,0
4,0
1,0
3,0
3,0
1,0
0,0
6,0
1,0
2,0
4,0
0,0
0,0
0,0
4,0
1,0
2,0
2,0
0,0
1,0
1,0
1,0
2,0
4,0
0,0
0,0
1,0
0,0
3,0
0,0
2,0
1,0
2,0
1,0
2,0
2,0
0,0
1,0
3,0
2,0
2,0
0,0
5,1
1,0
3,0
1,0
1,0
0,0
2,0
1,0
3,0
3,0
0,0
4,0
4,0
1,0
1,0
1,0
0,0
3,0
3,0
4,0
2,0
2,0
3,0
1,0
1,0
0,0
1,0
1,0
8,0
4,0
6,0
2,0
1,0
1,0
1,0
3,0
3,2
0,0
0,0
3,0
0,0
1,0
2,0
1,0
2,0
2,0
0,0
4,0
0,0
1,1
0,0
8,0
3,0
1,0
2,0
1,0
0,0
0,0
2,0
3,0
2,0
1,0
4,0
0,0
2,0
2,0
4,0
3,0
5,0
3,0
2,0
3,0
1,0
4,0
1,0
2,0
5,0
1,0
8,0
0,0
5,0
4,0
3,0
1,0
3,0
2,0
1,0
2,0
2,0
5,0
0,0
2,0
3,0
1,0
0,0
0,0
3,0
3,0
0,0
1,0
0,0
0,0
1,0
1,0
2,0
1,0
5,0
5,0
3,0
1,0
3,0
1,0
1,0
5,0
4,0
0,0
1,0
3,0
0,0
7,0
3,0
1,0
0,0
3,0
1,0
1,0
1,0
0,0
4,0
2,1
3,0
4,1
4,0
1,0
7,0
0,0
3,0
4,0
3,0
7,0
7,0
3,0
1,0
2,0
3,0
1,0
0,0
3,0
3,0
1,0
3,0
0,0
4,0
7,0
8,0
0,0
6,0
1,0
1,0
6,0
0,0
1,0
1,0
1,0
2,0
2,0
5,0
0,0
1,0
1,0
0,0
0,0
2,0
4,0
3,0
3,0
0,0
3,0
8,0
1,0
4,0
6,0
3,0
4,0
1,0
2,0
1,0
6,0
2,0
0,0
1,1
0,0
8,0
4,0
2,0
3,0
0,0
2,0
4,0
3,0
3,0
1,0
6,0
3,0
1,0
5,0
0,0
1,0
8,0
0,0
7,0
2,0
2,0
2,0
0,0
0,0
1,0
7,0
0,0
5,0
1,0
2,0
5,0
1,0
0,0
8,0
0,0
3,0
1,0
1,0
3,0
5,0
2,0
4,0
2,0
3,0
2,0
0,0
2,0
3,0
0,0
2,0
0,0
4,0
4,0
1,0
2,0
0,0
0,0
1,0
2,0
10,0
3,0
1,0
2,0
2,0
0,0
2,0
5,0
6,0
1,0
2,0
2,0
1,0
1,0
0,0
3,0
3,0
2,0
1,0
2,0
1,0
5,0
3,0
0,0
1,0
1,0
3,0
1,0
2,0
3,0
3,0
2,0
2,0
2,0
0,0
4,0
3,0
1,0
1,0
3,0
5,0
2,0
0,0
1,0
0,0
2,0
1,0
4,0
0,0
1,0
7,0
0,0
6,0
2,0
1,0
0,0
0,0
1,0
5,0
0,1
2,0
1,0
3,0
0,0
3,0
2,0
3,0
1,0
2,0
0,0
7,1
2,0
2,0
6,0
1,0
1,0
0,0
2,0
0,0
2,0
4,0
2,0
4,0
1,0
1,0
1,0
1,0
1,1
3,0
1,0
0,0
2,0
7,0
0,0
3,0
1,0
6,0
3,0
1,0
1,0
1,0
3,0
5,0
2,0
0,0
0,0
6,0
3,0
3,0
3,0
2,0
1,0
5,1
2,0
0,0
0,0
1,1
0,2
0,0
3,0
2,0
4,0
1,0
2,0
1,0
4,0
1,0
2,0
2,0
2,0
0,0
0,0
1,0
0,0
0,0
3,0
0,0
0,0
3,0
1,0
3,3
1,1
2,0
2,0
8,0
1,0
1,0
5,0
2,0
2,0
1,0
0,0
1,0
1,0
0,0
1,0
2,0
0,0
3,0
1,0
1,0
1,0
1,0
0,0
10,0
6,1
1,0
3,0
0,0
3,0
4,0
5,0
1,0
4,0
6,0
0,0
2,0
2,0
0,0
2,0
3,0
1,0
1,0
3,0
1,0
3,0
2,0
1,0
5,1
4,0
2,0
2,0
1,0
5,0
5,0
0,0
1,0
2,0
0,0
4,0
1,0
0,0
3,0
0,0
1,0
4,0
1,0
1,0
5,0
1,0
0,0
3,0
3,0
2,0
3,0
1,0
4,0
2,0
2,0
0,0
3,0
2,0
2,0
1,0
6,1
0,0
1,0
4,1
3,0
1,0
1,0
0,0
3,0
5,0
3,0
3,0
0,0
0,0
3,0
3,0
1,0
5,0
1,0
1,0
2,0
2,0
6,0
1,0
0,0
2,0
0,0
1,0
2,0
1,0
2,0
4,0
1,0
1,0
0,0
5,0
6,0
2,0
0,0
2,0
0,0
1,0
1,0
2,0
5,0
3,0
3,0
4,0
4,0
2,0
0,0
1,0
2,0
2,0
1,0
1,0
1,0
1,0
1,0
2,0
1,0
3,0
0,0
0,0
1,0
1,0
2,0
3,0
1,0
0,0
1,0
5,0
3,0
4,0
2,0
2,0
0,0
5,2
2,0
1,0
3,0
1,0
13,0
10,0
1,0
3,0
3,1
1,0
7,0
2,0
5,0
6,0
1,0
2,0
0,0
1,0
3,0
2,0
0,0
0,0
3,0
1,0
0,0
3,0
3,0
4,0
1,0
0,0
2,0
0,0
2,0
1,0
0,0
4,0
1,0
0,0
2,0
3,0
9,0
1,0
4,0
2,0
3,0
2,0
3,0
5,0
3,0
4,0
3,0
0,0
1,0
2,0
0,0
6,0
2,0
2,0
1,0
1,0
3,0
3,0
11,0
9,0
0,0
2,0
3,0
4,0
2,0
4,0
1,0
1,0
4,0
4,0
2,0
1,0
2,0
0,0
1,0
1,0
0,0
2,0
2,0
5,0
0,0
2,0
2,0
1,0
3,0
3,0
0,0
1,0
0,0
1,0
4,0
4,0
3,0
2,0
6,0
1,0
3,0
5,0
0,0
1,0
2,0
6,0
2,0
3,0
1,0
1,0
5,0
4,0
1,0
2,0
4,0
1,0
3,0
3,0
1,0
2,0
0,0
2,0
4,0
1,0
1,0
2,0
2,0
1,0
0,0
3,0
1,0
3,0
1,0
0,0
5,0
0,0
1,0
1,0
1,0
1,0
0,0
2,0
1,0
0,0
1,0
3,0
4,0
2,0
3,0
1,0
4,0
3,0
0,0
2,0
1,0
4,1
1,0
0,0
1,0
0,0
4,0
4,0
2,0
1,0
1,0
2,0
2,0
2,0
1,0
7,0
1,0
4,0
3,0
2,0
2,0
0,0
5,0
4,0
1,0
0,0
0,0
3,0
2,0
3,0
1,0
3,0
2,0
0,0
11,1
1,0
0,0
3,0
1,0
2,0
1,0
3,0
3,0
1,0
6,0
4,0
1,0
1,0
3,0
2,0
2,0
4,0
3,0
0,0
1,0
1,0
0,0
0,0
0,0
2,0
1,0
0,0
3,0
0,0
1,0
1,0
3,0
4,0
1,0
0,0
1,0
2,0
1,0
7,0
1,0
1,0
1,0
5,0
0,0
2,0
5,0
4,0
2,0
3,0
3,1
1,0
4,0
0,0
0,0
0,0
1,0
1,1
1,0
1,0
3,0
4,0
4,0
1,0
2,0
0,0
1,0
0,0
0,0
3,0
2,0
0,0
4,0
0,0
1,0
2,0
0,0
0,0
2,0
2,0
1,0
1,0
6,0
1,0
0,0
2,0
2,0
1,0
2,0
2,0
1,0
0,0
2,0
1,0
0,0
3,0
9,0
1,0
2,0
3,0
5,0
1,0
0,0
1,0
1,0
2,0
1,0
2,0
0,0
1,0
1,0
1,0
1,0
4,0
1,0
4,0
0,0
1,0
0,0
0,0
1,0
2,0
1,0
1,0
0,0
2,0
1,0
1,0
1,0
1,0
0,0
0,0
2,0
1,0
0,0
0,0
1,0
2,0
1,0
4,0
1,0
2,0
1,0
5,0
3,0
4,0
1,0
0,0
2,0
2,0
0,0
1,0
3,0
1,0
0,0
0,0
0,0
1,0
1,0
2,0
2,0
1,0
0,0
2,0
1,0
0,0
1,0
0,0
1,0
3,0
0,0
0,0
0,0
0,0
2,0
3,0
1,0
0,0
1,0
0,1
1,0
1,0
0,0
1,0
2,0
1,0
11,0
1,0
1,0
12,0
0,0
10,0
1,0
7,0
1,0
1,0
1,0
1,0
2,0
0,0
0,0
2,0
2,0
2,0
1,0
1,0
1,0
2,0
1,0
3,0
4,0
0,0
2,0
2,0
1,0
3,0
1,0
2,0
3,0
0,1
1,0
7,0
0,0
4,0
1,0
3,0
1,0
2,0
7,0
3,0
0,0
5,0
7,0
1,0
1,0
2,0
3,0
0,0
5,0
9,0
3,0
8,0
9,1
2,0
3,0
5,0
2,0
1,0
1,0
1,0
0,0
2,0
1,0
0,0
1,0
4,1
7,1
2,0
0,0
5,0
8,0
6,0
1,0
3,0
4,0
0,0
1,0
0,0
1,0
4,0
3,0
0,0
1,0
0,0
2,0
3,0
1,0
3,0
0,1
1,0
2,0
0,0
1,0
8,0
2,0
3,0
1,0
1,0
8,0
0,0
1,0
3,0
4,0
1,0
3,0
2,0
0,0
1,0
0,0
1,0
2,0
1,0
0,0
1,0
1,0
8,0
5,0
3,0
2,0
5,0
1,0
4,0
4,0
0,0
2,0
2,0
4,0
5,0
8,0
5,0
1,0
4,0
5,0
4,0
8,0
0,0
2,0
6,0
0,0
7,0
1,0
1,0
5,0
2,0
2,0
1,0
1,0
1,0
1,0
0,0
2,1
0,0
0,0
1,0
5,0
2,0
1,0
2,0
4,0
1,0
2,0
1,0
2,0
1,0
1,0
4,0
2,0
8,0
4,0
2,0
0,0
5,1
1,0
7,0
1,0
1,0
0,0
3,0
0,0
1,0
0,0
6,0
1,0
2,0
4,0
2,0
1,0
3,0
0,0
0,0
6,0
2,0
2,0
4,0
3,0
1,0
3,0
3,0
4,0
0,0
5,0
0,0
0,0
0,0
5,0
0,0
0,0
1,0
2,0
2,0
0,0
1,0
4,0
5,1
1,0
1,0
5,0
2,0
0,0
7,0
4,0
0,0
2,0
1,0
6,0
2,1
4,0
2,0
0,0
2,0
2,0
0,0
0,0
0,0
1,0
2,0
2,0
1,0
0,0
3,0
2,0
1,0
1,0
1,0
4,0
1,0
5,0
2,0
2,0
0,0
1,0
0,0
2,0
0,0
5,0
2,0
3,0
1,0
1,0
2,0
0,0
9,0
1,0
0,0
1,0
1,0
7,0
0,0
3,0
3,0
2,0
0,0
1,0
0,0
0,0
0,0
2,0
1,0
5,0
5,0
3,0
1,0
1,0
3,0
3,0
1,0
3,0
2,0
1,0
1,0
1,0
1,0
5,0
2,0
1,0
6,0
1,0
1,0
1,0
5,0
0,0
5,0
1,0
2,0
1,0
2,0
6,0
1,0
3,0
3,0
1,0
0,0
7,1
0,0
1,0
1,0
2,0
0,0
1,0
2,0
4,0
3,0
1,0
1,0
3,0
5,0
0,0
0,0
0,0
1,0
3,0
1,0
2,0
1,0
1,0
0,0
0,0
3,0
1,0
2,0
1,0
1,0
6,0
4,0
3,0
2,0
2,0
0,0
1,0
1,0
0,0
0,0
2,0
4,0
3,0
0,0
3,0
6,0
3,0
2,0
4,0
9,1
4,0
1,0
2,0
2,0
2,0
1,0
0,0
1,0
0,0
0,0
0,0
1,0
0,0
0,0
6,0
2,0
1,0
1,0
0,0
1,0
1,0
4,0
4,0
1,0
1,0
0,0
0,0
0,0
0,0
0,0
1,0
6,0
3,0
3,0
2,0
2,0
3,0
9,0
2,0
0,0
2,0
1,0
1,0
3,0
1,0
0,0
0,0
3,0
4,0
0,0
3,0
5,0
1,0
2,0
1,0
1,0
2,0
2,0
0,0
0,0
0,0
2,0
0,2
0,0
4,0
0,0
1,0
1,0
2,0
1,0
0,0
0,0
1,0
5,0
2,0
1,0
2,0
0,0
3,0
10,0
2,0
2,0
1,0
3,0
1,0
0,0
0,0
0,0
2,0
4,0
5,0
6,0
1,0
0,0
4,0
1,1
1,0
1,0
0,0
1,0
1,0
3,0
3,0
0,0
5,0
0,0
1,0
0,0
1,0
3,0
2,0
1,0
2,0
4,0
0,0
5,0
1,0
1,0
3,0
3,0
1,0
5,0
4,0
0,0
0,0
0,0
4,0
2,0
3,0
2,0
0,0
4,0
2,0
5,0
0,0
2,0
4,0
3,0
1,0
2,0
0,0
2,0
5,0
4,0
1,0
3,0
0,0
1,0
1,0
0,0
1,0
7,0
3,0
0,0
0,0
0,0
2,0
2,0
3,0
1,0
2,0
5,0
1,0
1,0
5,0
2,0
4,0
0,0
0,0
1,0
10,0
2,0
0,0
0,0
5,0
0,0
2,0
3,0
4,0
0,0
1,0
0,0
0,0
1,0
0,0
1,0
2,0
0,0
2,0
0,0
3,0
3,0
3,0
4,0
0,0
0,0
0,0
1,0
2,0
2,0
2,1
4,0
6,0
4,0
4,1
1,0
3,2
6,0
0,0
1,1
4,0
11,0
1,0
2,0
2,0
2,0
1,0
2,0
1,0
1,0
1,1
1,0
0,0
9,0
10,0
2,0
4,0
1,0
5,0
2,0
1,0
5,0
1,0
3,0
3,0
0,1
3,0
4,0
1,0
2,0
1,0
2,0
0,0
0,1
1,0
1,0
1,0
2,0
2,0
1,0
3,0
0,0
3,0
1,0
1,0
1,0
1,0
0,0
0,0
5,0
2,0
2,0
3,0
1,1
1,0
2,0
6,0
1,0
3,0
2,0
1,0
1,0
3,0
3,0
1,0
1,0
7,0
3,0
1,0
8,0
4,0
5,0
1,0
2,0
2,0
2,0
0,0
1,0
1,0
0,0
6,0
0,0
2,0
1,0
3,0
0,0
0,0
3,0
0,0
4,0
1,0
4,0
4,0
2,0
7,0
4,0
2,0
1,0
1,0
3,0
0,0
3,0
5,0
2,0
2,0
4,0
5,1
1,0
1,0
7,0
4,1
3,0
2,0
1,0
2,0
1,0
3,0
1,0
1,0
1,0
7,0
2,0
3,0
10,0
4,0
0,0
1,0
4,0
2,0
7,0
5,0
2,0
3,0
3,0
0,0
2,0
4,0
2,0
1,0
0,0
0,0
1,0
1,0
0,0
3,0
2,0
3,0
3,0
0,1
1,0
2,0
0,0
4,1
5,0
2,0
0,0
2,0
3,0
1,0
2,0
1,0
3,0
1,0
4,0
1,0
0,0
0,0
0,0
1,0
1,0
2,0
5,0
1,0
2,0
1,0
1,0
1,0
3,0
0,0
6,0
0,0
4,0
1,0
4,0
0,0
0,0
2,0
4,0
0,0
2,0
2,0
1,0
3,0
2,0
3,0
5,0
0,0
4,0
5,0
3,0
1,0
4,0
4,0
3,0
0,0
1,0
3,0
1,0
0,0
3,0
2,0
3,0
1,0
7,0
1,0
1,0
0,0
3,0
0,0
3,0
1,0
1,0
0,0
2,0
0,0
2,0
2,0
2,0
4,0
5,0
0,0
0,0
0,0
1,0
1,0
5,0
1,0
3,0
0,0
2,0
5,0
1,0
0,0
0,0
1,0
2,0
2,0
0,0
1,0
2,0
1,0
2,0
1,0
1,0
2,0
1,0
1,0
3,0
2,0
4,0
0,0
1,0
2,0
3,0
4,0
1,0
4,0
6,0
1,0
0,0
2,0
7,0
2,0
4,0
0,0
3,0
2,0
6,0
4,0
1,0
2,0
1,0
0,0
3,0
0,0
1,0
4,0
1,0
2,0
5,0
2,0
2,0
1,0
1,0
2,0
3,0
1,0
2,0
2,0
1,0
5,0
0,0
0,0
1,0
1,0
1,0
1,0
1,0
1,0
2,0
0,0
2,0
1,0
3,0
2,0
3,0
2,0
1,0
1,0
0,0
1,0
2,0
0,0
3,0
1,0
0,0
2,0
3,0
0,0
1,0
1,0
2,0
3,0
1,0
1,0
2,0
3,0
0,0
0,0
2,0
2,0
0,0
3,0
6,0
0,0
2,0
2,0
1,0
1,0
1,0
1,0
3,0
3,0
5,0
1,0
2,0
3,0
2,1
4,0
0,0
1,0
7,0
5,0
0,0
1,0
1,0
1,0
2,0
3,0
4,0
4,0
1,0
1,0
0,0
0,0
1,0
1,0
5,0
4,0
8,0
0,0
1,0
6,0
0,0
3,0
2,0
1,0
2,1
1,0
2,0
4,0
3,0
7,0
4,1
1,0
1,0
0,0
4,0
2,0
2,0
1,0
6,0
3,0
2,0
1,0
3,0
0,0
3,0
1,0
1,0
1,0
2,0
1,0
6,0
4,0
0,0
1,0
4,0
2,0
1,0
2,0
1,0
1,0
0,0
3,0
1,0
0,0
1,0
4,0
1,0
4,0
2,0
0,0
2,0
4,0
1,0
1,0
0,0
1,0
2,0
0,0
4,0
4,0
4,0
4,0
4,0
8,0
0,0
1,0
1,0
1,0
6,0
1,0
0,0
7,0
1,0
1,0
1,0
1,0
3,0
5,0
1,0
0,0
1,0
0,0
0,1
5,0
2,0
2,0
2,0
1,0
0,0
2,0
3,0
4,0
3,0
2,0
3,0
4,0
0,0
1,0
1,0
0,0
0,0
2,0
0,2
1,0
8,0
1,1
2,0
0,0
1,0
3,0
2,0
9,1
0,1
6,0
6,0
0,0
1,0
6,0
0,0
5,0
2,0
3,0
6,0
2,0
2,1
2,1
2,0
6,0
1,0
1,0
7,0
2,0
6,0
4,0
1,0
0,0
0,0
1,0
2,0
1,0
1,0
3,0
3,0
3,0
4,0
7,0
1,0
1,0
2,0
1,0
5,0
1,0
3,0
0,0
3,0
1,0
2,0
1,0
0,0
3,0
5,0
3,0
3,0
0,0
5,0
2,0
4,0
6,0
2,0
4,0
4,0
0,0
2,0
0,0
6,0
3,0
0,0
0,0
1,0
1,0
1,0
1,0
3,0
1,0
0,0
3,0
1,0
2,0
3,0
3,0
4,0
2,1
1,0
1,0
1,0
0,0
0,0
0,0
2,0
2,0
1,0
0,0
1,0
3,0
2,0
1,0
0,0
4,0
0,0
2,0
1,0
2,0
3,0
0,0
5,0
3,0
5,0
1,0
7,0
2,0
0,0
1,1
3,0
2,0
1,0
4,0
0,0
4,0
4,0
6,0
3,0
5,0
6,0
2,0
1,0
2,0
1,0
1,0
10,0
3,0
3,0
0,0
1,0
0,0
7,0
2,0
1,0
5,0
2,0
7,0
4,0
2,0
1,0
1,0
0,0
9,0
0,0
6,0
4,0
10,0
7,0
0,0
5,0
1,0
1,2
1,0
3,0
1,0
0,0
3,0
1,0
4,0
5,0
1,0
2,0
0,0
0,0
3,0
1,0
0,0
4,0
3,0
4,0
3,0
1,0
1,0
3,0
1,0
1,0
1,0
3,0
2,0
1,0
1,0
1,0
2,0
1,0
0,0
1,0
4,0
4,0
3,0
2,1
2,0
2,1
1,0
3,0
8,0
1,0
0,0
6,0
1,0
0,0
2,0
5,0
4,0
1,1
7,0
1,0
2,0
0,0
1,0
7,0
2,0
2,0
2,0
1,0
1,0
3,0
2,0
4,0
1,0
4,0
0,0
1,0
0,0
0,0
1,0
2,0
1,0
0,0
5,0
0,0
1,0
4,0
1,0
1,0
0,0
0,0
2,0
1,0
0,0
9,0
3,0
2,0
1,0
3,0
2,0
2,0
1,0
1,0
1,0
1,0
0,0
1,0
4,0
2,0
1,0
3,0
4,0
2,0
4,0
1,0
1,0
0,0
1,0
4,0
1,0
2,0
3,0
0,0
3,0
3,0
0,0
3,0
2,0
3,1
1,0
3,0
0,0
3,0
5,0
1,0
2,0
1,0
2,0
0,0
2,0
1,0
0,0
0,1
0,2
0,0
1,0
2,0
1,0
0,0
2,1
3,2
1,0
3,0
0,0
1,0
4,0
2,0
1,0
2,0
0,0
4,0
1,0
0,0
2,0
2,0
0,0
2,0
0,0
2,0
1,0
3,0
5,0
2,0
0,0
1,0
1,0
0,0
1,0
0,0
3,0
2,0
0,0
2,0
6,0
3,0
0,0
0,0
5,1
0,0
1,0
1,0
1,0
4,0
1,0
1,0
0,0
3,0
1,0
5,0
2,0
0,0
1,0
1,0
6,0
0,0
0,0
3,1
0,0
1,0
0,0
1,0
0,0
2,0
0,0
8,0
2,0
4,0
4,0
0,0
1,0
2,1
2,0
1,0
2,0
3,0
2,0
6,0
0,0
2,0
3,0
2,0
0,0
1,0
2,0
0,0
3,0
1,0
4,0
3,0
7,0
1,0
3,0
1,0
1,0
1,0
0,0
3,0
1,0
1,0
3,0
1,0
5,0
0,0
1,0
3,0
4,0
1,0
4,0
2,0
1,0
0,0
3,0
4,0
0,0
1,0
2,0
1,0
2,0
2,0
1,0
6,0
5,0
1,0
0,0
2,0
2,0
1,0
1,0
7,0
2,0
1,0
3,0
2,0
4,0
5,0
4,0
3,0
1,0
2,0
3,0
1,0
1,0
1,0
0,0
1,0
4,0
2,0
2,0
0,0
2,0
2,0
2,0
4,0
0,0
0,0
1,0
1,0
0,0
1,0
4,0
1,0
1,0
1,0
2,0
4,0
3,0
0,0
1,0
0,0
1,0
2,0
2,0
2,0
6,0
2,0
3,0
2,0
1,0
6,0
1,0
2,0
4,0
1,0
0,0
4,0
1,0
0,0
4,0
3,0
5,1
5,0
0,0
5,0
3,0
1,0
0,0
1,0
1,0
1,0
2,0
1,0
0,0
9,0
4,0
2,0
1,0
7,0
0,0
5,3
1,0
2,0
0,0
2,0
1,0
2,0
1,0
2,0
2,0
1,0
0,0
0,0
2,0
1,0
4,0
3,0
3,0
4,0
1,0
2,0
3,0
2,0
2,0
1,0
2,0
1,0
0,0
2,0
3,0
0,0
4,0
1,0
6,0
1,0
0,0
10,0
1,0
2,0
4,0
3,0
1,1
2,0
0,0
4,0
0,0
4,0
3,0
1,0
1,0
1,0
2,0
4,0
2,0
2,0
6,0
0,0
6,0
0,0
2,0
5,0
2,0
3,0
1,0
3,0
1,0
1,0
1,0
2,0
0,0
1,0
2,0
0,0
0,0
1,0
1,0
2,0
7,0
0,0
2,0
1,0
4,0
5,0
1,0
0,0
2,0
1,0
2,0
3,0
1,0
1,0
4,0
0,0
2,0
4,0
7,0
1,0
5,0
1,0
4,0
1,0
1,0
1,0
6,0
1,0
2,0
1,0
0,0
8,0
3,0
2,0
0,0
0,0
1,0
5,0
2,0
0,0
1,0
1,0
0,0
1,0
3,0
2,0
2,0
0,0
2,0
2,0
0,0
0,0
2,0
2,0
0,0
3,0
1,0
0,0
1,0
3,0
1,0
2,0
3,0
2,0
1,0
0,0
3,0
0,0
1,0
2,0
0,0
0,0
2,0
2,0
2,0
1,0
4,0
2,0
0,0
0,0
0,0
3,0
1,0
3,0
1,0
2,0
4,0
2,0
3,0
1,0
0,0
0,0
3,0
1,0
3,0
5,0
3,0
1,0
3,0
1,0
1,0
0,0
2,0
0,0
5,0
1,0
2,0
0,0
0,0
3,0
3,0
0,0
1,0
0,0
1,0
0,0
1,0
4,0
4,0
0,0
0,0
3,0
2,0
0,0
2,0
6,0
2,0
1,0
3,0
0,0
2,0
1,0
2,0
5,0
0,0
0,0
2,0
2,0
1,0
1,0
0,0
3,0
1,0
1,0
0,0
0,0
5,0
1,0
1,0
7,0
1,0
0,0
3,0
1,0
10,0
3,1
1,0
1,0
2,0
1,0
1,0
2,0
5,1
2,0
3,0
1,0
1,0
0,0
1,0
1,0
0,0
0,0
1,0
1,0
1,0
0,0
4,0
2,0
1,0
1,0
1,0
3,0
0,0
0,0
1,0
0,0
0,0
1,0
1,0
1,0
3,0
0,0
8,0
0,1
2,0
1,0
1,1
6,0
1,0
8,0
2,0
0,0
1,0
1,0
2,0
1,1
1,0
1,0
1,0
1,0
3,0
0,0
3,0
1,0
4,0
4,0
2,0
1,0
0,0
0,0
1,0
1,0
0,0
0,0
5,0
2,0
1,0
2,0
2,0
3,0
5,0
3,0
5,0
2,0
5,0
1,0
2,0
0,0
4,0
3,0
3,0
0,0
2,0
3,0
1,0
1,0
0,0
0,0
1,0
4,0
2,0
2,0
1,0
2,0
2,0
0,0
0,0
7,0
3,0
1,0
1,0
0,0
1,0
1,0
0,0
3,0
1,0
1,0
1,0
3,0
1,0
2,0
2,0
0,0
1,0
0,0
2,0
2,0
0,0
0,0
2,0
2,0
1,0
4,0
2,0
8,0
1,0
1,0
0,0
2,0
1,0
4,0
0,0
1,0
3,0
1,0
3,0
1,0
2,0
1,0
1,0
0,0
1,0
3,1
4,0
1,0
2,0
0,0
2,0
4,0
1,0
0,0
2,0
2,0
1,0
0,0
1,0
4,0
2,0
1,0
2,0
5,0
1,0
9,0
0,0
2,0
3,0
0,0
0,0
0,0
2,1
1,0
4,0
5,0
5,0
0,0
1,0
1,0
1,0
1,0
1,0
3,0
0,0
1,0
1,0
1,0
0,0
1,0
2,0
0,0
2,0
7,0
0,0
1,0
2,0
1,0
1,0
0,0
4,0
0,0
2,0
1,0
1,0
2,0
1,0
3,0
1,0
2,0
0,0
3,0
1,0
1,0
2,0
2,0
1,0
2,0
1,0
1,0
2,0
2,0
1,0
0,0
2,0
2,0
0,0
4,0
0,0
1,0
2,0
2,0
3,0
1,0
1,0
0,0
1,0
2,0
0,0
3,0
1,0
1,0
2,0
2,0
1,0
2,0
0,0
1,0
0,0
2,0
2,0
3,0
8,0
2,0
1,0
1,0
2,0
5,0
1,0
0,0
2,0
0,0
3,0
0,0
1,0
0,0
1,0
0,0
4,0
0,0
2,0
1,0
4,0
1,0
1,0
1,0
5,0
0,0
0,0
2,0
1,0
1,0
2,0
0,0
2,0
7,0
0,0
2,0
4,0
1,0
1,0
2,0
2,0
1,0
4,0
1,0
2,0
3,0
1,0
3,0
1,0
4,0
1,0
1,0
1,0
5,0
2,0
0,0
2,0
1,0
1,0
3,0
2,0
4,0
2,0
0,0
1,0
0,0
1,2
0,0
0,0
3,0
1,0
4,0
1,0
4,1
3,0
0,0
1,0
2,0
0,0
2,0
2,0
3,0
0,1
1,0
0,0
6,0
0,0
0,0
2,0
0,0
1,0
2,0
4,0
6,0
1,0
3,0
2,0
4,0
1,0
2,0
1,0
3,0
2,0
2,0
1,0
1,0
0,0
3,0
1,0
3,0
2,0
1,0
5,0
0,0
2,0
1,0
1,0
3,0
2,0
2,0
4,0
1,0
1,0
3,0
2,0
2,0
0,1
0,0
5,0
6,0
2,0
2,1
2,0
4,0
0,0
2,0
1,0
1,0
6,0
0,0
6,0
1,0
3,0
0,0
0,0
1,0
3,0
3,0
2,0
2,0
0,0
0,0
0,0
3,0
3,0
1,0
0,0
4,0
1,0
2,0
4,0
1,0
1,0
1,0
1,0
0,0
0,0
4,0
1,0
1,0
2,0
0,0
0,0
2,0
4,0
2,1
4,0
0,0
2,0
1,0
2,0
4,0
1,0
1,0
0,0
11,0
1,0
2,0
1,0
2,0
2,0
2,0
3,0
1,0
0,0
0,0
0,0
1,0
3,0
3,0
0,0
0,0
0,0
1,0
7,0
1,0
6,0
5,0
1,0
7,0
1,0
3,0
1,0
2,0
5,0
3,0
1,0
0,0
1,0
2,0
1,0
1,0
1,0
3,0
2,0
1,0
0,0
1,0
1,0
4,0
1,0
2,0
1,0
1,0
1,0
3,0
2,0
2,0
2,0
3,0
3,0
0,0
3,0
0,0
4,0
1,0
4,0
2,0
4,0
2,0
3,0
0,0
0,0
0,0
2,2
4,0
0,0
1,0
1,0
2,0
4,0
1,0
2,0
0,0
4,0
2,0
1,0
1,0
0,0
6,0
1,0
3,0
4,0
2,0
2,0
1,0
4,0
1,0
1,0
1,0
1,0
0,0
1,0
1,0
2,0
6,0
0,0
6,0
0,0
1,0
0,0
0,0
1,0
2,0
2,0
6,0
0,0
4,0
4,0
3,0
3,0
4,0
1,0
0,0
3,0
3,0
2,0
1,0
1,0
2,0
2,0
2,0
5,0
2,0
1,1
7,0
7,0
2,0
5,0
0,3
0,0
10,0
1,0
2,0
4,0
2,0
2,2
1,0
6,0
1,0
2,0
1,0
3,0
4,0
0,0
0,0
2,0
2,0
6,0
2,0
3,0
1,0
4,0
2,0
1,0
1,0
2,0
0,0
1,0
1,0
1,0
1,0
1,1
3,0
2,0
2,0
3,0
7,0
1,0
1,0
1,0
1,0
1,0
1,0
2,0
2,0
1,0
0,0
3,0
4,0
3,0
1,0
4,0
4,0
0,0
4,0
0,0
2,0
1,0
2,0
4,0
3,0
1,0
2,0
5,0
1,0
1,0
1,0
2,0
4,0
6,0
4,0
1,0
0,0
1,0
1,0
0,0
2,0
3,0
0,0
2,0
0,0
1,0
0,0
3,0
5,0
1,0
1,0
1,0
2,0
2,0
1,0
1,0
4,0
3,0
3,2
0,0
1,0
1,0
4,0
2,0
2,0
3,0
4,0
1,0
3,0
2,0
0,0
2,0
1,0
7,0
5,0
2,0
1,0
2,0
1,0
2,0
1,0
3,0
2,0
3,0
5,0
1,0
6,0
2,0
0,0
1,0
2,0
1,0
2,0
1,0
1,0
6,0
5,0
0,0
9,1
1,0
1,0
5,1
1,0
3,0
0,0
4,0
1,0
3,0
2,0
0,0
1,0
4,0
2,0
2,0
4,0
0,0
1,0
2,0
0,0
0,0
2,0
1,0
1,0
5,0
1,0
0,0
2,0
0,0
3,0
4,0
0,0
0,0
2,0
2,0
1,0
5,0
0,0
0,0
7,0
1,0
1,0
2,0
1,0
0,0
2,0
4,0
2,0
1,0
0,0
2,0
2,0
6,0
2,0
0,0
3,0
3,0
3,0
3,0
0,0
1,0
1,0
3,0
2,0
0,0
1,0
0,0
1,0
1,0
0,0
2,0
1,0
1,0
3,1
3,0
9,0
1,0
1,0
0,0
1,0
3,0
2,0
1,0
2,0
1,0
3,0
1,0
3,0
3,0
8,0
0,0
4,0
2,0
0,0
2,0
0,0
1,0
6,0
2,0
1,0
2,0
1,0
0,0
1,1
0,0
13,0
4,0
0,0
1,0
0,0
1,0
0,0
4,0
0,0
4,0
1,0
1,0
0,0
1,0
