Length,Stops
0,0
4,1
7,2
6,1
0,5
4,2
0,0
3,0
3,0
5,1
12,2
5,0
0,0
3,0
4,1
1,0
8,2
1,0
4,1
4,0
5,2
12,3
9,0
4,0
1,1
3,0
0,0
7,1
2,1
3,2
1,1
0,1
9,1
1,1
1,2
1,0
1,1
4,0
5,0
0,0
1,0
1,0
1,0
2,1
7,0
2,0
7,0
2,0
2,0
1,0
2,2
3,1
0,0
3,2
1,0
0,2
3,0
21,1
1,1
15,2
4,2
5,0
3,1
3,0
8,0
0,0
0,0
3,0
1,2
1,2
12,2
3,2
5,0
8,3
7,0
0,1
33,4
4,1
22,3
17,2
47,6
16,0
36,8
47,2
1,0
3,3
4,0
5,2
3,1
4,3
5,3
3,0
2,1
3,2
0,0
2,0
0,0
6,0
6,0
5,1
4,1
3,2
1,0
5,2
3,0
1,1
10,0
2,0
2,0
3,0
2,0
1,0
1,0
5,1
4,1
1,1
4,0
1,0
2,0
2,1
1,0
9,1
0,0
5,2
1,0
4,1
4,1
1,0
3,0
2,1
6,1
0,0
1,0
3,1
2,0
2,1
1,1
0,1
1,2
1,1
0,0
1,0
5,1
1,1
16,0
4,0
5,1
4,0
0,2
9,2
6,0
12,1
22,2
6,3
3,2
3,1
3,1
11,1
14,1
5,0
1,0
0,0
1,2
11,1
1,1
6,0
0,0
22,4
3,1
2,1
4,0
3,1
0,0
2,4
1,1
1,1
6,6
4,2
4,1
1,1
1,1
3,0
2,0
0,1
4,1
4,2
4,1
1,0
4,2
3,0
3,1
1,0
3,1
2,1
0,1
3,1
1,1
2,1
10,0
2,0
9,0
2,0
5,1
4,0
2,1
0,2
3,0
0,2
1,0
4,2
10,0
1,0
1,0
3,2
26,4
6,2
8,0
2,0
2,4
1,1
2,1
0,1
3,1
2,2
6,2
2,2
0,0
1,0
1,0
1,2
9,0
2,1
0,1
0,1
2,0
1,1
2,2
2,0
3,0
3,0
0,1
0,0
6,2
11,2
14,1
2,1
3,0
0,0
2,3
4,0
1,0
3,2
1,0
2,1
2,2
4,1
2,0
5,0
0,1
3,1
2,0
5,0
2,0
3,0
3,0
0,0
1,0
1,1
6,1
12,1
1,2
3,0
4,0
1,0
2,0
0,1
2,0
4,0
7,1
0,0
2,1
1,0
6,0
2,1
3,0
7,0
0,2
12,2
5,1
2,0
1,2
7,1
4,2
4,2
11,2
14,2
4,3
6,0
0,0
1,0
3,0
0,0
1,0
2,0
4,1
0,1
1,2
3,1
3,1
0,0
2,2
3,4
2,0
6,0
1,0
2,0
2,0
3,1
2,1
0,0
3,0
4,2
9,2
5,0
0,0
0,0
16,4
9,1
0,4
1,1
4,2
4,0
1,1
6,2
2,1
3,1
4,0
5,0
4,0
3,1
4,3
0,3
5,0
0,0
0,0
4,1
6,1
10,2
17,3
1,1
0,3
17,3
1,2
3,1
15,1
5,3
5,0
5,6
2,0
1,2
6,0
5,1
3,2
3,0
1,0
3,0
1,0
4,0
9,1
7,2
4,0
1,1
2,0
2,0
2,0
4,1
5,0
5,2
1,1
1,2
3,1
1,0
0,0
0,0
1,3
0,0
2,1
8,1
1,0
1,0
5,0
3,1
1,0
1,0
11,0
5,1
1,2
3,0
3,0
8,4
14,1
4,1
3,1
3,0
3,1
2,0
0,1
4,1
1,0
0,2
10,2
1,1
2,2
2,0
3,0
13,4
1,2
2,0
5,0
1,0
4,1
0,0
13,2
15,1
6,2
1,0
1,1
2,2
3,0
5,1
10,1
4,1
1,1
2,1
2,0
9,1
6,2
3,1
5,1
1,0
5,1
0,4
12,1
3,2
6,0
9,1
2,1
7,3
14,0
3,0
5,0
2,0
8,0
2,2
0,0
2,2
1,0
6,1
3,0
1,0
6,2
2,1
8,0
4,0
3,1
3,1
3,3
8,1
0,0
2,0
1,0
11,3
6,2
3,1
1,0
10,3
21,4
17,1
5,4
9,1
2,0
1,1
8,1
2,0
1,1
0,3
4,1
3,0
19,2
1,1
15,1
14,0
13,0
12,1
21,0
5,0
1,2
1,2
9,2
11,0
11,0
4,1
1,1
4,1
2,0
1,1
1,0
1,0
6,2
4,2
12,1
3,1
10,1
8,1
4,0
1,0
5,1
10,2
2,1
1,0
36,4
7,2
13,1
42,2
3,0
5,0
1,1
5,3
2,0
2,2
2,0
3,4
15,0
10,4
4,1
5,2
23,4
11,2
9,3
10,0
6,2
19,4
6,0
3,3
5,0
11,4
8,6
2,3
0,3
5,3
5,0
1,2
2,0
7,1
18,5
18,4
15,1
48,5
6,2
0,2
5,1
2,2
19,7
13,0
28,11
1,1
0,0
2,0
9,5
9,3
4,1
14,6
3,0
6,1
9,0
2,2
4,2
3,0
3,1
4,1
2,1
0,0
1,2
2,1
3,0
4,3
1,1
1,1
1,1
10,6
2,4
0,0
5,1
7,1
2,4
1,0
2,1
30,0
22,3
0,0
1,0
1,0
3,0
12,1
5,4
10,3
25,1
2,2
7,0
11,2
11,4
2,4
2,0
9,1
9,1
9,0
2,0
2,0
0,2
7,1
7,0
0,1
4,0
5,0
4,0
2,0
1,1
4,0
3,0
7,0
3,0
1,0
0,1
1,2
6,0
1,0
5,3
9,3
72,2
52,3
1,1
1,1
4,1
3,0
2,0
3,0
9,0
1,1
2,1
2,1
3,0
1,0
5,1
6,1
1,0
0,0
5,0
3,1
7,0
7,2
2,0
1,0
9,1
1,2
2,0
0,0
3,0
3,1
3,1
2,1
9,2
4,1
6,2
0,2
8,1
2,1
5,0
0,0
5,1
9,0
6,0
15,0
1,0
1,0
6,2
4,0
2,2
3,0
0,0
1,1
4,2
1,0
8,5
0,0
0,0
1,2
5,0
2,0
0,0
4,1
1,1
2,2
10,1
1,1
2,0
1,1
3,4
3,2
0,0
7,0
3,0
3,1
6,3
5,1
10,1
1,1
8,0
5,0
1,1
16,0
2,1
4,0
4,0
9,0
12,3
6,1
2,5
1,0
12,2
5,0
4,0
0,1
2,0
1,1
4,0
15,3
1,0
1,0
1,0
5,1
3,3
3,0
0,1
2,3
1,2
4,1
2,1
1,3
33,1
16,8
7,3
3,1
3,3
9,1
2,0
3,1
8,1
7,7
14,5
2,0
0,1
5,1
3,0
13,1
1,0
0,0
1,0
0,0
0,0
1,0
2,0
5,0
2,0
6,1
6,3
3,1
5,2
2,0
1,0
2,0
3,0
3,0
4,0
2,2
3,0
1,0
1,0
1,0
7,1
15,1
1,0
0,0
0,0
6,1
12,1
4,0
1,0
5,2
0,1
0,0
0,0
0,0
0,0
2,0
3,0
3,0
19,0
16,0
4,1
7,2
34,1
1,2
4,2
4,0
2,1
4,0
8,1
0,0
1,2
14,3
2,2
7,1
1,1
9,0
2,1
31,3
0,1
21,2
1,1
0,0
5,0
6,0
1,2
1,0
16,0
3,0
6,0
3,0
6,1
3,1
12,1
16,1
9,0
23,0
3,0
1,1
13,2
16,4
3,3
3,3
9,0
7,2
0,1
11,4
2,0
2,0
7,1
15,1
2,1
12,5
9,5
3,1
0,0
3,3
5,4
1,4
1,0
14,5
8,4
1,0
0,0
1,0
3,0
4,1
1,3
0,1
3,0
4,2
0,0
0,1
3,1
4,1
2,0
8,0
2,1
8,0
21,1
5,0
2,0
8,1
8,0
5,0
4,0
2,0
3,1
3,0
1,0
14,1
11,2
15,3
1,0
3,0
3,0
7,0
7,1
1,1
0,2
1,0
1,0
5,1
1,0
2,0
0,1
0,0
6,0
0,1
3,0
4,1
2,1
1,0
2,3
3,0
7,1
4,0
5,1
3,0
5,0
0,0
1,3
2,0
11,0
7,2
8,2
24,1
6,0
3,0
0,0
2,1
7,2
24,2
10,0
1,0
10,3
16,1
5,0
1,1
5,0
3,0
4,2
2,0
0,1
2,1
1,2
2,2
7,0
8,0
4,1
8,1
12,3
4,4
4,1
8,0
1,0
1,2
2,0
5,1
5,0
4,0
8,0
2,2
4,0
1,1
2,1
2,1
4,0
2,0
2,0
4,1
3,0
11,0
1,1
1,0
1,0
6,0
0,0
9,1
5,1
4,2
3,0
9,2
3,0
2,0
4,0
7,1
10,2
6,1
3,1
4,1
13,0
9,2
3,0
5,1
7,2
4,1
0,0
2,2
5,0
3,0
1,1
3,0
8,2
12,4
4,1
14,0
34,4
8,2
3,0
8,0
6,2
3,0
3,0
1,1
10,1
3,0
0,2
1,1
7,1
13,0
0,0
0,0
2,2
0,2
6,3
20,1
4,2
11,2
8,2
1,0
3,2
8,0
12,2
2,0
23,4
19,1
5,2
4,1
25,3
0,1
1,1
4,1
1,0
5,0
3,1
1,2
1,2
6,1
4,0
1,0
4,0
1,0
7,1
1,0
2,1
2,0
1,0
6,1
4,2
3,1
1,0
7,0
6,1
0,1
0,0
4,2
1,0
2,3
5,2
1,0
3,0
2,0
2,2
2,1
2,0
2,0
6,0
0,0
1,1
3,1
5,2
11,0
3,1
3,0
4,3
1,1
34,2
27,6
4,0
2,0
4,1
7,2
1,1
1,0
4,0
11,1
32,3
17,4
6,1
10,3
7,3
2,0
6,2
2,3
0,0
3,1
1,0
1,1
0,0
1,0
4,0
2,0
4,0
4,1
3,1
11,0
1,1
4,0
0,0
2,0
1,0
3,0
2,0
4,0
6,1
7,1
1,2
6,0
0,1
4,0
2,0
3,0
4,1
4,1
4,3
3,0
8,4
3,2
4,1
2,0
3,0
7,2
7,0
7,0
3,0
2,1
9,0
1,0
3,0
18,1
2,2
4,1
3,0
2,0
6,1
2,1
8,4
3,0
6,0
11,1
19,0
29,5
11,3
5,0
0,1
2,1
5,1
10,1
2,1
5,1
4,1
27,2
33,1
2,1
9,1
28,2
0,0
12,3
5,1
5,0
2,1
3,0
2,0
8,1
9,2
9,0
3,1
6,0
7,1
6,1
1,0
6,0
1,0
3,0
1,0
1,0
1,0
4,0
5,0
2,0
2,1
6,1
2,1
2,1
7,1
4,0
4,0
3,1
2,0
2,0
8,1
2,0
1,0
5,1
0,0
0,0
6,0
1,0
8,1
3,0
3,1
9,2
2,0
1,0
1,0
1,2
4,0
8,3
3,1
0,1
3,1
0,1
5,0
2,0
1,1
3,0
1,0
2,0
3,2
3,0
4,5
1,2
2,0
4,0
2,1
14,1
18,1
18,2
17,4
1,0
3,1
3,2
7,2
35,3
23,2
2,0
3,1
12,1
2,0
1,2
3,0
2,0
4,0
6,1
1,0
1,0
12,2
12,0
10,2
3,0
8,2
3,1
2,0
1,0
2,3
3,1
2,1
5,2
2,1
1,1
4,0
2,2
6,2
5,0
7,0
1,3
0,1
1,0
7,0
1,1
1,5
8,0
1,0
3,0
3,0
2,1
5,0
1,1
11,0
1,0
1,0
5,2
5,3
1,0
7,1
1,0
3,2
2,2
7,1
5,1
0,0
6,0
1,0
1,1
1,0
0,0
1,0
1,0
2,0
1,0
0,4
7,1
3,2
2,1
0,2
1,1
7,7
1,0
1,0
1,0
1,3
3,0
4,0
4,1
1,2
2,0
4,3
6,3
1,1
1,1
3,1
1,1
2,3
0,0
4,1
0,1
2,0
2,1
1,0
1,0
9,1
0,0
3,1
2,1
0,2
4,1
0,0
3,0
54,10
2,0
7,0
0,2
4,0
1,2
3,1
0,1
10,2
1,2
4,1
6,0
2,0
1,2
30,0
1,1
17,6
3,1
4,1
4,0
3,0
4,3
5,1
4,2
2,2
3,0
2,1
0,1
2,0
2,2
2,0
5,0
1,1
3,0
1,0
1,0
4,1
5,2
1,0
1,0
2,1
0,0
2,0
4,0
0,0
2,0
0,0
4,0
0,0
26,2
7,2
0,0
0,1
12,2
2,1
2,1
7,0
1,0
2,0
6,2
3,1
0,1
2,2
2,1
4,1
12,1
8,1
15,1
5,3
14,4
14,0
14,2
7,1
2,1
0,1
8,0
9,2
3,2
7,1
2,1
13,3
9,3
0,1
0,0
4,0
8,3
0,0
0,0
1,0
0,0
4,2
6,0
16,2
8,0
3,1
7,0
4,1
1,0
11,2
8,1
3,1
0,1
2,0
1,0
3,1
4,0
11,3
2,2
7,2
2,0
0,0
3,0
1,0
0,2
6,0
2,0
1,1
5,0
0,0
4,2
9,3
7,0
0,1
4,1
2,0
1,0
2,1
6,1
7,1
10,0
24,7
2,0
6,2
2,1
12,0
1,0
3,1
3,0
0,1
3,0
1,0
1,0
4,0
2,0
0,0
1,0
2,0
5,2
7,1
4,1
4,0
2,0
2,1
0,0
1,0
2,0
6,0
0,1
2,0
2,2
1,0
1,1
2,2
1,0
2,1
4,3
2,0
4,0
5,0
2,0
2,0
2,0
6,0
1,0
2,1
3,0
2,0
9,0
2,1
4,1
12,3
1,0
14,0
21,1
10,0
11,2
2,0
7,2
0,0
0,1
2,0
4,4
4,1
5,0
1,1
9,2
7,2
8,0
4,1
3,2
1,0
1,2
10,1
2,2
5,1
8,0
5,1
1,2
6,3
0,1
1,1
0,0
26,2
26,1
7,2
0,0
0,0
2,0
2,1
2,0
5,2
7,1
7,1
0,0
1,1
7,0
3,0
20,2
8,0
9,0
15,5
11,2
8,3
2,0
1,0
4,1
2,0
1,1
3,0
2,1
5,0
9,1
4,1
4,2
1,0
4,0
0,1
3,1
10,1
0,0
2,0
3,0
0,0
0,1
4,1
6,0
0,0
2,1
2,0
1,1
2,0
4,1
1,2
0,0
6,0
7,3
2,0
0,0
4,0
1,0
2,0
3,0
6,1
3,0
3,0
4,1
0,0
7,0
3,0
1,0
2,0
0,0
16,2
8,2
1,0
5,0
10,1
1,1
3,0
5,0
4,1
9,3
1,2
5,2
11,1
0,1
1,1
2,0
9,2
6,1
2,0
13,0
3,0
9,3
4,0
1,0
0,0
15,3
3,1
23,0
4,1
8,1
7,2
5,3
15,0
9,1
18,2
6,1
13,0
10,0
11,6
4,1
5,1
2,0
1,0
2,1
0,1
6,1
0,0
2,0
3,0
1,1
3,0
5,1
3,2
5,0
1,0
1,0
1,0
2,2
2,2
1,0
2,1
9,0
1,1
10,2
14,1
3,1
1,0
26,3
4,1
2,4
1,1
1,0
15,1
0,0
1,1
12,0
4,2
2,0
0,0
1,0
0,0
9,1
5,0
5,1
2,1
7,1
1,0
1,0
5,0
8,2
3,0
1,0
3,0
7,1
4,2
3,1
1,0
3,0
3,1
6,0
9,2
3,0
3,2
0,0
3,0
1,0
5,1
1,0
4,1
1,0
5,3
1,1
1,0
1,0
1,0
2,1
3,3
5,0
0,0
2,0
8,2
2,0
4,2
5,0
4,0
2,0
7,1
7,1
3,0
6,2
1,0
2,0
3,1
3,1
4,0
3,2
6,2
1,0
2,0
1,0
2,0
6,1
9,1
4,2
2,1
9,1
5,0
8,0
3,1
1,0
4,1
6,2
4,0
6,0
6,1
6,1
4,0
4,1
2,0
6,2
14,3
3,1
3,2
24,1
13,3
2,0
1,1
6,0
3,1
4,0
0,1
4,0
7,0
6,1
7,0
1,0
1,2
2,2
5,2
9,0
6,0
8,2
1,0
2,0
2,1
4,0
15,1
8,0
8,1
7,0
2,1
21,2
41,1
45,4
10,2
22,1
2,0
16,1
1,0
0,2
2,1
22,0
6,2
10,3
3,6
24,7
14,2
13,4
7,0
19,5
1,0
6,1
9,2
2,1
1,0
0,0
3,0
0,1
11,1
5,0
6,1
1,0
2,5
5,1
0,0
2,0
1,1
4,2
14,1
2,0
7,1
0,0
4,1
7,0
6,2
13,0
6,3
5,0
7,2
35,3
32,3
4,0
6,1
5,2
6,1
0,0
0,2
1,5
6,2
0,1
6,2
1,0
1,1
0,0
4,0
4,0
2,1
2,0
3,1
8,0
1,1
1,0
10,0
18,0
17,0
0,0
3,0
4,0
10,0
4,1
1,0
0,4
2,1
1,0
1,1
3,1
1,1
4,0
3,2
4,0
1,1
2,0
5,1
5,0
2,0
6,1
13,1
24,0
1,0
1,1
4,0
4,0
4,2
8,4
6,2
1,1
1,1
4,1
10,2
8,0
2,1
2,0
8,0
1,1
0,0
3,0
1,0
4,1
12,1
13,0
4,0
0,1
1,1
23,8
2,1
2,2
9,2
7,0
2,0
1,0
1,0
0,0
3,0
2,0
1,1
0,2
2,2
1,0
4,1
6,1
9,0
6,1
7,1
3,0
4,1
2,1
2,1
10,0
3,0
6,1
7,2
1,0
5,1
2,1
4,0
3,1
13,1
0,0
1,0
8,2
0,1
4,0
11,1
2,0
7,1
6,0
6,1
2,0
9,0
19,2
3,0
17,0
15,1
2,2
2,1
3,0
6,1
1,2
4,0
10,1
0,1
22,2
6,2
2,0
7,2
2,0
4,2
8,2
7,2
2,0
4,2
6,1
2,2
1,1
4,2
3,0
8,3
5,0
17,5
2,0
3,0
3,0
2,1
5,1
1,0
2,1
1,0
1,0
13,3
6,0
2,0
1,0
2,1
1,4
3,2
21,2
30,4
16,1
17,3
0,1
1,0
0,2
2,2
7,0
5,0
6,1
1,3
3,0
1,0
5,0
6,0
5,1
2,0
1,0
0,1
11,0
1,1
0,1
3,0
22,1
12,1
11,0
1,1
0,0
4,0
0,0
1,1
0,1
1,0
1,0
4,2
1,2
7,1
0,0
2,0
2,0
13,1
0,0
2,1
10,0
2,3
9,2
1,0
5,2
7,0
1,2
19,1
3,0
2,0
8,0
5,0
2,1
13,1
8,0
6,2
1,1
5,2
0,0
3,0
2,0
4,0
0,0
2,5
2,1
3,1
1,1
4,1
5,0
1,0
4,0
3,3
6,3
10,3
3,0
2,1
14,1
7,1
2,0
12,0
2,0
1,1
8,1
3,0
5,2
7,0
9,0
0,0
4,2
5,1
2,3
11,2
1,1
4,1
0,0
4,3
16,2
4,0
3,0
2,0
1,0
1,0
2,0
2,0
8,2
4,1
4,0
1,0
5,0
8,0
2,0
4,1
2,0
5,0
2,0
6,2
3,1
5,1
13,0
2,0
1,2
2,1
3,0
7,0
2,1
0,1
1,1
6,0
1,0
8,0
0,0
6,2
11,1
3,0
4,0
8,1
8,1
2,0
6,0
0,0
20,1
14,0
3,1
2,0
4,1
5,1
3,1
1,0
1,0
9,3
17,2
19,1
3,1
1,0
0,0
5,0
3,1
2,1
3,1
2,1
1,1
2,0
3,0
8,0
6,0
1,1
17,3
7,0
1,1
6,2
5,1
6,0
9,1
3,0
12,1
2,3
7,1
3,0
0,1
4,0
3,0
2,2
7,0
2,1
3,0
0,0
2,3
1,1
1,4
4,6
6,1
1,2
2,0
18,4
13,0
4,4
7,0
1,3
13,2
2,1
1,1
4,5
4,1
5,1
1,2
6,0
1,0
3,0
1,0
1,0
3,1
26,0
14,0
6,2
1,1
15,0
3,0
2,4
4,2
2,0
2,0
5,1
7,2
11,2
0,0
6,0
3,1
1,0
4,0
1,0
2,0
1,1
3,0
1,0
2,1
1,1
3,0
5,1
2,0
4,2
2,0
2,1
1,0
2,0
1,0
3,0
1,0
1,0
1,0
3,1
0,2
0,1
5,0
1,1
2,1
3,1
5,0
0,0
6,3
1,0
1,0
8,1
6,1
15,0
4,1
10,1
0,0
11,0
8,0
0,0
3,1
3,0
3,3
15,3
2,1
11,1
2,0
0,1
1,0
0,0
0,1
8,4
4,4
1,1
0,0
9,2
5,1
17,5
1,0
4,0
2,0
2,1
5,2
1,1
12,3
2,0
1,0
6,2
1,1
2,2
4,1
4,1
2,1
5,1
17,2
18,3
0,1
2,0
7,0
3,1
6,2
3,3
2,0
1,0
1,0
6,0
0,0
2,0
0,0
2,0
3,0
15,2
12,1
2,0
3,1
1,0
4,0
1,0
3,0
0,3
1,1
2,0
7,0
6,0
6,0
4,0
6,1
5,1
11,0
2,1
9,0
4,0
2,2
3,0
13,2
1,0
5,3
2,0
8,0
1,0
1,0
13,2
3,1
3,2
5,1
6,4
5,1
5,7
6,1
13,2
3,0
1,1
6,1
13,0
9,4
1,0
7,1
0,0
1,0
2,1
4,1
2,0
4,0
2,0
8,1
3,1
2,0
3,1
9,1
6,0
7,1
7,1
7,0
0,3
2,0
1,2
5,0
3,0
2,0
4,0
2,1
0,0
2,0
8,1
1,0
8,1
3,1
6,1
6,1
9,1
5,0
7,0
6,1
12,1
1,0
9,1
12,0
11,1
5,1
4,4
0,3
3,1
2,1
0,2
1,0
0,0
1,0
9,0
6,2
7,0
1,0
5,0
4,0
8,0
3,0
6,2
3,1
4,1
8,1
1,0
2,0
0,0
1,1
4,1
2,3
3,2
2,1
10,2
2,1
5,0
7,2
4,2
3,0
2,1
3,0
1,0
0,3
2,0
1,0
3,1
3,0
0,1
2,1
1,2
5,0
8,0
3,2
2,1
5,2
0,0
4,1
0,0
3,1
1,1
2,0
1,0
1,0
2,0
1,1
0,1
3,1
2,0
2,1
3,1
4,1
3,0
4,0
2,3
4,1
1,0
7,3
0,2
8,2
7,1
0,1
5,1
1,1
16,3
4,0
4,0
8,0
18,1
4,0
6,0
1,0
4,1
7,1
1,0
0,0
3,0
4,0
3,0
3,0
7,3
15,0
3,0
0,0
5,0
9,0
12,1
3,0
9,3
7,0
6,1
1,1
13,2
17,1
3,0
1,1
16,1
4,2
0,0
1,0
1,0
2,0
3,1
6,0
0,0
12,0
1,0
5,0
0,2
11,0
6,0
3,1
0,0
1,1
6,0
5,0
2,0
4,0
2,0
5,1
2,0
8,0
1,0
0,1
0,0
1,0
3,1
1,0
5,0
2,0
1,0
12,0
5,1
2,0
2,0
6,0
4,0
15,2
4,0
1,0
2,1
1,0
10,0
1,1
1,1
0,0
3,1
1,0
2,2
0,0
4,0
7,2
4,0
2,0
4,2
2,0
10,1
2,1
3,0
10,1
4,0
6,2
3,0
3,0
2,0
1,0
1,0
2,1
2,0
0,2
2,1
2,0
9,1
2,0
1,2
1,0
6,2
0,0
7,2
3,0
4,0
1,0
3,0
0,1
9,0
8,0
5,0
11,1
2,0
3,0
1,4
8,0
0,1
2,2
1,0
3,0
1,0
8,0
2,0
2,0
3,2
7,0
19,0
1,0
3,0
1,0
1,1
1,0
1,0
6,0
0,0
0,0
1,0
5,0
1,0
1,0
7,0
2,0
0,0
7,1
9,0
7,0
12,2
2,1
1,1
1,0
0,1
0,2
2,0
1,0
10,0
5,0
4,0
1,0
9,1
5,0
5,0
2,1
5,0
0,0
3,1
0,1
6,0
1,1
3,2
15,1
16,1
10,0
3,0
4,0
2,0
8,0
23,0
5,1
12,3
18,0
1,0
8,0
7,0
9,0
5,1
3,0
6,1
0,1
0,0
4,0
4,1
2,0
0,0
4,0
3,0
2,1
2,1
8,2
3,0
1,0
3,0
3,1
3,2
1,0
7,1
6,0
0,0
0,0
1,0
12,1
3,1
5,1
3,0
7,0
3,0
1,0
1,2
0,0
6,1
2,0
4,1
9,0
5,0
5,0
4,0
2,0
2,1
0,0
2,0
4,0
6,1
14,1
3,1
1,0
10,1
1,0
2,0
3,1
2,0
10,0
4,0
1,2
1,0
5,1
3,0
0,2
1,0
1,0
3,0
8,0
2,1
0,1
0,0
1,0
2,0
2,0
5,0
4,0
24,0
16,1
11,1
6,0
0,0
0,0
7,2
6,2
5,2
3,0
5,1
3,1
0,1
2,0
3,2
0,1
2,1
2,0
9,0
2,1
1,0
4,0
1,0
1,0
2,1
10,0
1,0
5,2
2,2
2,1
2,1
3,0
1,1
1,0
4,0
4,0
2,0
0,0
0,0
3,1
9,1
7,1
4,0
2,0
1,1
0,0
1,0
0,0
3,0
1,1
1,0
3,0
2,0
0,0
6,0
5,1
6,0
1,0
4,0
1,1
9,2
1,0
1,0
1,1
0,1
7,1
1,0
6,0
5,0
9,3
2,0
0,1
2,0
2,1
1,0
1,1
3,0
10,0
10,2
0,0
2,0
5,1
2,0
8,1
0,1
3,0
5,0
2,0
9,0
3,1
1,0
10,1
3,0
2,1
0,1
6,0
0,0
4,0
3,0
5,1
21,1
3,0
3,0
1,0
2,0
6,0
0,0
3,0
6,0
5,3
4,0
2,1
2,0
2,0
14,3
2,1
2,2
6,2
18,0
32,3
5,0
1,0
5,2
4,0
11,2
15,1
3,1
3,1
11,1
2,4
2,0
10,4
7,2
2,2
3,0
1,0
6,1
3,2
3,0
3,0
2,1
9,1
0,0
9,1
5,1
2,0
6,1
11,1
3,0
7,0
2,0
4,1
0,0
7,0
5,2
1,0
5,0
10,0
3,0
4,1
1,0
1,1
1,0
0,0
2,0
2,1
1,0
3,0
7,3
3,0
3,2
5,0
4,0
0,0
10,0
2,0
4,0
0,0
3,0
3,0
13,0
5,1
14,0
0,0
0,2
2,3
9,0
1,0
1,0
7,1
10,1
5,0
6,0
1,0
5,1
5,1
4,0
2,1
0,0
3,0
2,1
0,0
4,0
2,0
0,2
2,1
1,0
10,0
1,1
6,1
7,1
1,0
1,1
1,0
3,0
2,0
0,0
8,0
0,0
2,0
0,0
3,0
4,1
0,2
10,1
4,1
1,0
0,1
0,1
1,2
4,2
0,1
1,0
5,0
15,3
7,2
5,2
3,0
7,2
2,0
3,0
1,0
19,1
1,0
1,0
1,0
3,0
6,0
2,0
3,0
5,0
1,0
0,0
3,1
4,0
6,4
1,1
2,2
7,1
4,0
5,0
3,5
8,2
9,0
2,1
56,11
4,2
12,2
13,1
9,0
11,0
0,1
13,2
6,0
0,0
4,1
28,0
4,2
1,0
0,1
1,0
3,1
0,0
0,0
3,2
5,0
4,0
10,1
11,2
2,0
2,0
2,1
6,0
19,2
9,0
0,0
6,0
2,3
4,6
0,0
4,1
0,0
0,0
14,3
0,0
0,2
2,0
1,0
2,0
8,1
0,0
12,2
1,0
4,0
1,0
11,1
2,2
2,2
12,0
1,4
7,3
4,2
3,3
1,0
3,0
11,0
4,2
0,0
1,1
7,1
2,0
2,1
1,2
1,0
2,0
5,1
3,0
5,1
3,0
3,0
7,0
7,2
0,2
1,0
1,0
7,3
14,0
10,2
1,1
16,0
4,3
4,3
11,2
1,2
3,1
27,0
3,1
13,2
16,0
0,0
14,1
2,0
0,3
1,0
8,1
1,0
3,0
6,1
3,0
3,0
0,0
8,1
4,0
4,2
5,1
4,0
2,1
3,1
1,0
0,0
48,4
7,1
2,1
8,0
3,5
3,0
13,6
10,2
1,0
6,2
11,0
5,3
1,2
1,1
4,0
3,0
0,0
1,1
1,0
2,0
4,1
1,1
4,0
2,0
5,0
0,3
16,2
2,1
1,1
0,2
1,2
14,1
10,2
2,0
0,0
8,1
2,1
1,0
2,1
7,2
4,2
15,1
3,1
16,4
1,0
3,0
9,1
0,0
5,2
5,0
0,0
2,0
0,0
1,0
5,1
0,0
5,0
6,0
2,1
1,1
1,1
4,1
2,0
4,0
13,0
4,2
10,0
4,1
8,1
4,0
6,1
20,4
0,3
21,0
17,1
0,1
5,0
20,5
4,0
1,1
2,1
2,0
4,0
0,0
1,0
0,0
0,0
2,4
6,4
5,0
8,1
0,1
1,1
2,2
2,0
5,3
4,0
0,0
0,0
1,0
0,0
5,0
0,0
2,0
3,0
0,1
1,1
0,0
4,1
0,0
4,1
2,2
2,1
2,0
1,0
1,0
4,1
3,3
3,3
3,0
4,2
1,0
3,2
1,2
0,0
1,0
1,1
0,1
0,0
4,0
4,0
2,0
1,0
2,0
4,1
4,1
6,0
1,0
4,0
5,0
1,0
2,0
5,1
3,0
4,1
1,1
5,2
1,0
6,0
3,0
1,1
0,1
3,0
1,0
1,0
4,0
2,0
1,0
1,0
2,1
1,0
5,2
0,0
2,1
2,0
3,1
4,2
5,1
1,1
5,0
1,0
6,1
2,0
6,1
12,2
1,0
1,0
2,1
4,0
1,0
5,0
6,0
12,0
2,0
3,1
0,1
11,0
1,0
2,0
1,0
1,0
5,1
7,1
1,0
1,0
6,1
0,0
3,0
2,2
2,0
1,0
4,1
2,0
7,1
1,0
1,0
13,2
0,0
3,2
3,2
0,0
2,3
1,0
6,2
1,0
0,1
1,1
3,1
0,1
1,2
6,0
0,0
5,3
9,0
1,1
1,0
9,1
7,3
18,3
8,0
1,1
0,2
1,0
1,0
3,1
0,0
5,2
9,4
4,0
4,0
3,0
10,1
2,0
4,0
4,2
2,0
1,2
1,2
4,2
8,0
2,2
2,0
4,0
7,1
4,1
3,0
6,1
8,0
1,1
1,0
0,0
1,0
1,0
2,0
16,1
2,1
1,0
7,1
1,1
9,1
3,0
3,0
5,0
3,0
1,0
4,0
8,0
0,1
4,1
1,0
5,0
2,0
1,2
2,1
1,0
0,0
6,1
5,0
6,1
2,0
2,2
5,3
9,1
1,0
0,0
0,0
6,1
0,1
1,0
1,0
0,0
4,1
1,0
3,1
1,0
0,0
0,0
2,1
3,0
1,0
1,0
1,0
6,1
1,2
2,0
3,1
2,0
3,3
1,0
2,0
1,0
7,2
16,4
11,2
8,2
9,2
7,1
8,0
3,1
5,1
13,1
11,2
2,0
6,2
1,0
4,2
2,1
7,1
1,1
0,1
4,0
3,1
7,1
3,0
1,0
0,2
2,0
5,1
5,1
3,1
0,0
4,2
17,2
2,0
7,1
0,0
2,0
0,2
3,0
3,1
6,1
1,1
10,0
3,1
2,1
6,1
1,0
1,2
1,0
0,0
1,0
2,0
4,0
1,0
0,0
4,0
4,2
1,0
1,0
7,1
3,0
1,0
4,1
5,1
5,1
2,0
2,0
2,0
3,0
1,0
8,0
1,0
6,1
0,0
1,0
3,1
2,0
2,0
1,0
2,0
2,1
3,1
1,0
4,3
4,1
1,1
6,1
1,0
1,0
1,0
4,2
1,0
5,0
3,0
3,1
1,0
0,1
0,1
1,1
0,0
1,0
2,0
0,1
1,0
4,2
7,1
0,0
2,0
1,1
2,1
3,3
1,1
2,0
5,0
6,0
2,0
4,3
2,2
2,0
1,0
5,1
6,0
3,0
3,1
3,0
1,0
4,2
1,0
7,1
2,0
4,0
1,1
3,0
14,1
2,0
8,0
14,0
4,0
1,0
1,1
3,2
6,1
8,0
2,0
9,3
18,2
9,1
3,1
9,1
6,0
3,1
4,0
5,0
1,0
2,0
6,1
5,2
3,0
3,1
2,1
2,0
3,2
2,1
4,1
1,0
3,2
3,1
0,0
3,3
2,1
5,0
2,0
2,0
2,0
3,1
4,2
6,1
1,0
0,2
1,0
7,1
5,1
1,1
3,0
0,1
3,1
0,0
1,0
5,0
5,1
0,1
4,1
17,2
0,1
10,3
4,1
4,0
0,0
5,0
4,1
3,1
2,0
10,1
3,4
3,1
0,1
5,1
2,1
2,0
2,1
5,0
8,2
0,0
1,0
3,1
2,1
3,1
1,0
2,0
7,1
5,1
4,0
0,0
1,1
0,0
2,0
3,1
1,0
1,1
3,2
0,1
1,0
4,0
2,0
0,0
0,0
1,1
1,1
2,0
1,0
1,0
4,0
1,2
1,1
2,0
2,0
1,0
3,1
2,0
6,0
3,0
1,2
2,0
2,0
6,1
4,0
1,0
5,1
1,0
4,2
2,0
1,0
0,0
6,0
2,0
3,0
1,0
2,0
3,0
1,0
0,1
1,0
9,0
4,0
1,0
1,0
0,0
3,0
8,1
1,3
2,0
3,2
10,1
4,1
5,1
2,0
9,2
19,1
1,2
1,0
1,0
2,2
1,0
1,1
9,0
6,0
1,0
3,2
5,1
6,0
1,0
1,0
1,0
6,0
3,0
2,0
3,1
1,0
2,0
0,0
13,4
1,1
4,0
0,1
1,0
1,1
1,2
1,1
1,2
3,2
9,1
5,1
5,1
9,3
5,3
11,1
7,0
2,0
1,1
4,3
6,0
13,1
7,1
1,1
1,2
2,0
3,1
0,0
2,0
4,1
3,1
0,0
0,0
5,0
5,2
5,1
0,0
8,1
4,0
2,0
0,0
2,1
5,1
2,0
6,0
6,0
9,0
4,2
6,0
37,7
6,2
6,4
0,0
7,1
20,0
22,1
1,0
9,2
1,0
1,1
2,0
3,0
4,1
10,0
3,0
6,0
4,1
3,0
5,0
1,0
8,1
1,1
1,1
5,2
0,0
9,1
4,0
9,0
3,0
1,0
13,1
3,0
2,0
13,1
1,1
1,0
4,0
4,0
8,1
1,0
3,0
1,0
4,0
2,1
5,0
2,0
1,0
2,0
3,1
4,0
0,1
4,1
2,2
2,0
6,0
1,1
11,0
2,1
3,0
3,1
7,1
1,1
4,0
1,0
9,2
1,1
3,0
6,1
0,0
2,0
1,0
2,0
4,0
1,0
2,0
3,0
4,0
4,1
6,0
1,1
1,1
1,0
2,1
1,0
2,0
2,0
1,1
1,0
3,0
4,4
7,0
1,1
2,0
4,2
1,0
1,2
1,2
1,2
1,0
2,1
1,0
9,1
4,1
5,1
8,0
0,0
2,3
0,0
1,0
0,0
0,0
3,0
3,0
1,2
5,2
17,0
4,1
1,0
18,7
2,0
11,3
2,3
4,3
7,1
1,0
17,1
10,0
0,0
1,0
1,0
4,2
9,2
4,0
1,2
1,0
7,1
3,1
2,0
1,1
1,0
0,2
3,0
5,1
0,1
2,1
1,2
5,1
1,0
4,0
1,0
12,0
3,0
8,4
2,4
2,0
4,2
1,1
1,1
0,0
3,3
3,1
2,0
0,1
0,0
2,0
2,1
2,2
2,1
1,1
0,0
3,2
0,0
0,0
2,2
2,0
9,1
2,1
0,0
10,2
5,3
2,0
5,2
7,0
1,0
7,0
0,0
10,1
1,0
25,3
21,0
34,3
0,1
8,3
13,2
9,2
6,4
13,2
2,0
4,0
6,1
8,0
5,1
6,1
1,0
5,0
1,1
1,0
1,0
6,0
4,0
2,0
0,1
0,1
4,2
8,2
12,0
9,1
4,1
3,4
3,2
9,0
1,1
0,1
2,1
32,3
6,0
2,2
1,0
1,1
3,0
1,0
1,0
9,0
4,0
0,1
0,0
1,3
5,0
4,0
7,1
11,3
2,0
3,0
9,1
4,1
15,1
13,4
9,2
3,0
1,1
2,2
1,2
5,1
7,1
0,2
1,0
1,0
1,0
1,0
1,1
9,0
3,0
1,0
0,0
2,2
2,0
0,3
1,0
7,2
12,0
19,0
6,1
13,0
2,1
2,0
5,0
1,0
11,0
9,1
1,1
13,0
4,1
1,1
1,1
7,0
5,0
3,0
3,0
4,0
2,0
3,2
3,0
3,0
4,0
4,0
23,5
4,3
5,0
1,1
2,1
8,0
5,0
3,0
3,1
0,1
6,2
4,0
0,0
2,0
2,0
2,0
5,0
1,0
4,2
8,1
2,1
2,1
23,4
16,3
2,0
1,0
12,3
4,1
11,1
11,1
2,0
0,0
2,2
5,1
1,2
1,3
1,4
1,2
10,1
11,4
9,4
0,0
4,1
0,0
0,1
0,0
5,0
1,1
21,3
14,1
4,1
0,1
1,2
11,1
2,0
4,1
4,0
4,6
2,0
9,1
12,0
4,1
10,2
21,2
1,1
0,1
1,3
1,2
21,2
3,2
2,0
11,0
11,1
10,1
5,1
0,1
8,1
7,1
13,2
3,1
1,2
12,3
2,1
1,0
1,2
1,0
6,3
3,1
5,2
18,2
0,0
1,3
6,1
1,0
3,1
8,2
5,1
6,0
4,3
6,0
3,0
2,0
1,2
3,0
6,1
4,3
5,0
2,1
0,0
2,0
11,6
2,1
0,0
5,0
2,0
3,0
1,0
2,1
1,1
0,0
8,2
3,0
17,2
3,1
4,0
3,0
6,1
10,1
0,1
13,3
2,1
3,0
2,1
9,0
1,3
2,1
9,2
1,0
5,0
2,0
1,0
8,2
5,0
1,1
4,1
4,0
1,1
2,2
11,0
3,0
13,4
3,0
0,0
0,1
3,0
3,1
1,0
4,1
1,0
3,1
0,0
0,1
1,0
3,0
0,0
0,0
3,1
2,1
3,0
2,0
1,0
2,1
8,1
2,0
1,0
2,0
2,0
2,0
1,0
3,4
1,0
4,1
1,0
5,0
2,0
2,1
14,0
3,1
1,0
3,0
0,0
0,0
4,0
21,2
6,2
2,2
0,1
5,1
1,3
1,0
3,0
3,0
1,0
5,4
9,0
4,0
5,1
6,1
6,4
7,1
13,3
3,2
2,0
4,0
2,0
5,0
5,1
4,0
2,0
2,0
7,0
2,0
0,1
2,0
1,0
2,1
9,0
7,0
1,2
4,4
1,0
1,1
0,0
12,0
5,2
4,0
0,1
0,1
0,2
1,1
9,4
5,0
3,0
10,2
2,0
2,0
6,0
3,3
2,0
3,0
5,2
2,1
9,2
0,0
5,0
4,1
2,0
2,0
7,1
2,0
4,0
4,1
6,0
2,0
1,1
9,0
2,0
3,1
4,0
1,0
2,0
2,2
3,0
7,0
11,0
2,0
1,0
0,0
6,0
6,0
6,1
2,0
5,0
1,0
3,1
3,2
5,1
3,1
2,2
1,1
8,1
0,1
5,0
2,0
1,0
11,0
2,0
7,0
1,0
3,0
2,1
1,1
1,0
3,0
2,0
2,0
6,0
20,3
64,2
6,2
3,0
2,0
1,3
13,1
0,1
1,0
5,3
5,1
2,0
2,1
1,4
2,0
3,0
1,0
12,1
0,0
12,3
9,5
8,1
6,4
9,1
4,2
0,0
5,2
0,0
14,2
3,0
0,0
9,0
9,1
4,0
4,1
0,0
5,0
2,1
0,0
3,0
0,0
7,1
1,0
0,0
2,0
0,1
0,0
5,0
11,3
1,0
2,0
0,0
7,2
6,2
5,2
2,1
2,1
8,1
4,2
8,5
1,0
1,1
2,0
5,1
10,1
1,0
6,2
3,1
3,1
5,1
6,1
1,0
1,1
2,2
4,1
9,0
1,1
6,2
0,1
1,1
0,0
4,1
4,0
3,1
11,3
10,2
9,2
9,1
2,0
2,0
3,1
1,0
0,2
2,0
2,1
2,2
1,3
12,0
5,1
4,0
0,1
3,0
9,0
4,2
2,0
0,0
11,3
5,0
8,0
4,1
2,1
3,1
2,2
1,0
0,0
3,0
5,0
1,0
17,2
0,0
2,1
1,0
8,2
3,1
3,2
2,0
4,0
3,2
3,0
11,2
1,1
0,0
3,1
0,1
7,4
3,2
5,0
3,0
5,1
4,0
4,1
2,1
6,1
3,0
6,0
0,0
1,0
10,6
10,4
8,2
5,2
7,3
2,2
7,2
2,2
2,0
2,2
6,2
1,0
7,2
6,1
7,3
1,0
1,1
2,0
4,2
1,0
7,0
1,2
2,2
1,1
2,0
1,0
2,0
2,0
10,0
0,2
1,0
1,0
6,1
11,1
8,0
5,2
2,3
0,1
12,3
1,0
3,1
3,0
4,0
2,0
3,0
2,0
1,0
12,4
5,1
0,2
0,2
2,0
5,0
42,3
4,2
2,0
5,0
1,1
9,0
1,0
9,1
4,3
1,0
0,0
4,2
0,1
2,2
5,1
2,1
5,1
2,1
6,3
0,1
10,2
2,2
0,0
11,2
4,2
2,3
7,3
14,1
6,0
0,0
0,1
3,1
6,1
1,1
24,0
16,1
16,4
8,1
6,0
2,1
5,0
1,0
11,1
3,0
12,1
3,0
8,1
11,1
11,2
4,1
4,3
4,1
4,0
2,2
2,0
1,5
0,0
5,1
2,1
31,0
14,1
17,1
5,1
11,3
2,0
0,0
0,0
3,0
3,1
2,0
2,0
3,0
0,0
5,2
23,3
4,1
7,2
3,1
3,0
5,1
2,0
9,0
7,3
7,1
13,2
3,1
2,0
1,0
4,1
8,2
0,2
3,3
5,1
5,4
0,1
4,1
3,3
11,2
6,1
6,1
6,2
13,1
12,1
6,1
1,2
8,2
3,2
4,1
2,0
4,1
5,0
10,0
8,1
10,1
10,0
3,0
1,0
0,0
4,0
0,1
6,0
1,1
1,0
4,0
0,0
2,0
4,0
4,0
0,0
1,0
0,0
0,1
2,1
4,0
2,1
11,2
3,0
0,0
4,0
1,1
1,1
5,0
2,0
3,1
4,1
1,3
6,3
2,0
1,1
1,0
8,2
1,0
1,0
2,0
1,1
3,0
1,0
2,0
5,2
14,0
6,2
9,0
4,0
0,1
6,2
5,0
6,2
4,1
6,0
7,0
1,0
0,0
3,5
1,0
6,1
3,2
2,1
1,0
1,0
5,1
1,1
4,0
1,1
6,1
4,1
0,0
7,1
4,1
2,1
1,0
7,1
4,1
9,0
6,2
3,0
0,0
2,2
1,0
10,1
0,1
2,1
7,1
1,0
6,0
1,0
3,0
1,0
1,1
0,0
3,1
3,1
1,0
2,0
3,1
0,0
1,0
4,1
2,0
2,0
4,1
0,0
9,0
2,1
0,0
4,2
21,9
22,0
8,2
3,1
3,0
4,2
9,0
10,1
3,1
6,2
2,1
3,1
1,0
2,2
7,3
2,0
18,1
6,1
12,2
2,0
5,0
9,0
8,1
4,1
4,0
1,1
1,1
3,3
8,0
4,0
4,1
2,1
3,2
10,0
0,0
3,1
3,0
0,0
4,2
9,1
7,1
14,1
1,0
0,0
1,2
6,2
7,0
8,1
2,0
4,1
12,1
8,1
21,0
0,1
5,1
1,1
12,1
9,1
1,2
4,2
0,1
5,0
10,3
7,1
0,1
1,3
9,0
3,0
14,1
4,2
6,2
4,0
2,0
6,0
2,1
9,2
0,0
4,0
6,0
2,2
5,1
5,0
8,3
2,2
2,0
4,0
7,0
9,0
15,5
24,0
3,0
6,2
4,1
4,0
10,2
4,3
1,0
2,1
4,1
6,1
4,0
1,0
1,1
9,0
7,0
4,0
2,1
4,1
3,0
1,2
9,1
4,2
16,1
10,0
8,0
2,0
1,0
0,0
2,0
3,2
2,0
1,0
2,0
6,0
1,2
3,1
5,1
2,0
1,0
1,0
0,0
5,0
3,1
5,0
2,0
2,1
4,1
4,0
1,4
1,1
7,2
4,1
3,0
4,1
9,0
8,0
0,1
7,0
4,0
1,1
1,1
1,0
4,1
1,1
4,0
2,1
4,1
1,0
0,0
0,3
2,1
4,1
6,1
5,2
3,0
1,1
3,0
0,0
0,0
4,1
3,1
1,0
1,2
0,0
5,1
1,0
7,0
1,1
4,0
1,1
1,1
3,1
0,0
1,2
5,3
0,0
3,1
5,0
1,1
8,2
6,2
1,0
2,0
5,0
4,0
7,1
0,0
4,2
1,2
9,2
4,4
4,1
2,0
1,0
1,0
0,0
4,0
0,1
1,0
0,0
4,0
2,0
0,0
1,0
7,2
3,1
4,3
4,0
7,1
3,2
1,0
3,3
5,0
3,0
3,1
3,0
0,0
1,1
1,0
1,1
1,0
3,0
2,1
0,0
1,0
3,0
2,0
3,0
5,1
9,1
0,0
6,0
0,0
2,0
0,0
0,0
4,0
1,0
3,1
0,0
3,0
1,1
2,1
0,0
0,0
4,1
1,3
10,4
3,0
0,0
1,0
0,0
1,0
10,1
6,0
5,0
16,6
2,1
5,0
2,0
0,0
3,0
9,1
13,2
2,4
53,11
24,2
3,1
3,0
3,0
2,0
2,1
3,0
1,1
5,0
5,0
4,1
3,0
0,0
2,5
0,1
16,3
4,0
1,1
14,2
23,1
0,0
0,0
2,2
19,2
14,1
9,0
4,0
3,2
8,0
5,0
1,1
3,0
1,0
1,2
1,3
5,1
4,5
0,2
2,1
1,1
7,0
1,0
3,0
6,1
1,0
11,1
1,1
0,1
4,0
1,0
5,1
4,1
0,1
4,1
2,1
4,0
9,1
5,2
2,4
3,5
1,1
0,1
15,2
0,0
7,3
1,2
2,2
8,0
1,0
2,0
0,1
1,2
1,2
0,1
0,2
1,3
2,1
6,1
18,6
11,0
5,0
1,0
4,1
3,0
1,0
0,1
4,2
3,0
6,0
18,2
0,0
7,1
26,3
2,1
2,0
5,0
6,5
2,0
5,0
3,2
9,2
10,0
3,1
0,1
4,1
8,0
6,4
1,0
5,5
7,1
2,0
0,3
1,0
3,1
13,2
2,1
19,1
13,0
17,7
0,0
0,1
0,2
2,1
2,2
0,1
1,0
2,1
5,0
5,0
1,2
4,1
5,1
0,1
2,1
2,2
1,1
2,1
3,1
11,0
2,1
1,1
7,0
5,0
1,0
0,0
3,0
3,1
3,0
1,1
1,1
5,0
1,1
1,3
3,3
5,2
8,4
2,1
6,2
75,9
0,0
3,0
3,2
3,0
3,1
5,0
0,0
0,0
2,2
0,0
0,2
1,0
0,0
0,1
1,0
3,0
12,3
3,1
8,6
1,1
6,2
9,2
3,0
0,3
1,1
5,0
1,3
9,2
1,1
13,5
1,0
7,0
4,1
1,1
4,0
1,3
2,1
2,0
1,0
1,0
7,0
0,0
4,2
1,1
2,0
4,1
0,0
1,1
1,0
1,1
1,0
1,0
2,0
5,0
2,0
4,1
2,1
1,0
4,0
3,1
1,0
0,1
1,0
9,2
1,0
3,1
2,2
2,0
1,0
1,0
1,0
5,1
4,1
0,0
20,0
16,1
0,0
10,1
2,2
1,2
0,1
5,2
2,0
5,1
9,0
4,0
24,1
4,1
2,1
7,1
2,1
1,1
2,1
4,0
2,0
0,2
3,1
9,1
1,1
2,1
2,3
1,1
1,0
5,0
1,2
1,0
2,0
0,1
2,0
2,0
3,0
0,0
3,2
1,0
0,0
0,1
2,0
5,1
0,1
1,0
2,3
8,1
6,0
0,2
4,0
3,0
2,0
8,2
0,0
2,1
7,0
8,1
7,0
4,0
9,0
2,1
5,2
6,2
2,0
7,0
1,0
3,1
6,0
1,2
4,1
0,0
3,0
1,1
3,0
6,0
4,0
3,2
0,2
3,0
0,0
7,0
1,2
2,0
1,0
13,1
8,1
1,2
1,1
2,0
4,0
7,1
2,1
1,0
2,0
2,1
3,0
15,1
20,1
7,2
2,0
5,0
2,1
22,0
15,1
9,6
2,0
2,0
2,1
1,0
9,4
4,1
2,0
3,2
1,0
6,1
0,1
3,0
1,0
4,3
14,1
15,1
4,1
4,1
4,1
0,0
0,0
0,1
2,0
5,1
2,0
16,3
0,0
0,0
3,0
1,0
1,2
2,3
4,0
4,0
8,0
6,1
7,1
3,1
5,1
6,3
4,0
11,6
7,3
0,1
8,0
2,0
1,0
3,0
4,1
1,3
1,0
3,0
1,0
6,1
0,1
1,1
5,2
4,1
0,1
7,0
11,1
18,4
3,0
3,1
4,0
1,1
6,3
4,1
0,0
23,3
3,0
11,4
0,0
3,0
9,1
13,0
2,1
1,1
3,0
0,3
1,0
1,0
1,0
3,0
5,3
0,0
2,0
1,0
6,1
8,0
4,0
1,0
5,0
3,1
1,0
2,1
12,0
3,0
1,0
11,2
3,1
3,0
2,2
1,1
0,0
4,0
4,0
1,0
1,0
8,2
3,1
0,2
4,0
1,2
13,3
3,1
12,0
26,3
7,2
5,0
11,0
1,1
7,0
14,4
8,0
2,0
24,3
10,1
14,2
2,1
6,0
10,1
15,0
5,1
3,0
7,0
9,1
4,1
8,0
13,2
7,1
8,1
1,0
3,0
10,1
6,0
2,0
5,0
3,2
6,3
17,2
2,2
14,4
2,2
8,0
2,2
3,0
0,1
1,4
1,1
4,0
1,3
3,3
14,2
4,1
20,2
25,3
1,0
0,0
5,1
1,0
5,1
0,4
8,0
29,2
2,2
5,1
3,1
1,0
4,1
11,0
2,2
17,0
1,0
2,1
1,6
6,0
5,1
2,2
1,2
8,2
13,0
4,2
0,0
0,0
4,0
8,0
3,0
3,0
11,1
14,1
9,1
4,0
4,0
4,2
3,0
9,2
4,2
1,1
4,1
14,3
1,0
8,0
4,1
1,8
12,1
6,3
4,0
11,2
9,1
1,0
3,0
4,1
8,2
2,0
4,0
11,0
4,2
6,1
1,1
17,2
10,2
10,6
6,2
3,1
1,0
0,0
3,2
2,2
0,0
1,0
2,1
4,2
2,1
0,0
10,1
0,0
3,0
6,0
26,0
24,1
7,2
26,3
23,6
3,0
16,5
1,0
9,0
8,3
6,1
2,1
10,3
2,2
2,0
0,0
5,1
0,2
1,0
3,2
0,1
3,0
2,0
6,1
1,1
2,1
3,3
1,1
7,0
2,2
3,0
0,2
0,0
7,0
2,1
6,1
8,5
0,0
5,3
10,3
9,0
4,1
0,1
3,0
8,1
13,2
4,0
21,4
0,1
18,3
7,0
1,2
1,0
4,1
6,0
5,1
3,0
5,0
4,1
1,2
3,1
2,0
9,1
6,0
0,0
2,0
2,0
5,1
7,1
14,0
4,0
3,0
12,1
2,1
1,2
3,0
4,1
1,0
2,0
3,1
2,1
1,1
1,0
1,0
3,0
2,4
2,0
2,0
7,1
0,2
2,0
1,0
3,2
0,2
1,0
10,4
6,1
6,1
4,1
9,1
4,1
2,0
2,0
1,1
6,3
2,2
1,4
0,0
3,1
1,1
1,0
2,0
1,0
1,2
4,1
0,0
5,0
2,0
3,2
12,0
8,2
1,1
0,1
4,0
4,1
0,0
5,2
8,0
7,0
3,0
1,0
0,0
13,1
15,0
2,1
4,1
7,2
1,1
5,0
4,4
5,3
4,3
12,2
14,2
17,1
8,1
1,1
1,1
20,3
5,0
11,2
18,4
4,4
1,1
6,2
5,1
15,6
1,0
1,3
1,3
6,0
2,4
6,3
13,4
3,1
3,0
4,0
0,3
4,2
0,2
3,3
1,0
3,2
0,1
5,2
5,1
6,2
2,1
1,0
20,1
4,0
1,0
4,2
13,3
4,1
5,0
10,1
2,0
2,2
1,0
12,1
6,3
0,0
0,0
10,2
4,0
0,1
9,1
5,1
18,1
0,2
10,1
9,2
8,1
5,0
0,0
3,0
21,2
8,4
9,1
2,0
0,1
6,1
6,0
2,1
5,0
5,4
3,1
8,2
10,2
15,0
1,0
8,1
9,1
6,3
8,1
4,0
0,0
6,1
2,1
3,0
7,1
0,0
1,0
28,2
7,2
23,1
2,0
7,1
3,0
3,0
2,0
3,0
1,2
0,0
5,1
4,0
1,1
4,0
2,1
2,0
6,1
5,1
3,0
5,0
1,0
0,1
3,0
1,0
10,1
10,0
5,0
3,2
14,1
1,2
16,1
21,1
2,0
15,2
6,0
5,1
4,0
17,1
8,1
16,3
14,1
7,0
3,0
23,3
1,0
4,0
4,1
4,0
10,1
1,0
4,0
14,0
10,0
2,0
2,1
2,3
3,2
11,0
4,0
4,1
1,1
0,1
1,1
0,1
22,3
5,1
14,1
4,3
1,0
6,0
2,0
7,3
1,2
1,0
2,1
2,0
3,2
3,1
3,2
11,0
2,1
9,1
1,1
1,0
18,1
1,0
1,0
11,2
4,0
0,0
12,1
2,0
2,1
3,0
0,0
2,2
3,0
6,3
5,0
3,1
7,4
1,4
9,1
4,1
5,0
3,1
7,2
1,2
6,2
1,1
0,0
6,1
2,1
1,0
3,0
2,1
1,0
2,0
0,1
3,0
14,2
2,1
9,1
2,0
4,2
1,1
1,1
3,0
0,5
2,0
0,0
1,0
0,0
3,0
4,1
4,1
10,2
11,2
7,1
16,4
5,2
6,0
10,1
3,3
11,1
6,1
3,2
1,0
1,0
1,0
3,1
4,1
2,1
0,0
3,0
7,4
14,0
4,0
0,0
1,0
4,0
0,0
0,0
1,0
2,0
5,0
6,0
1,0
6,0
4,1
1,0
4,0
2,1
3,2
35,6
5,0
5,4
12,0
10,0
4,0
2,1
39,3
2,1
2,1
4,0
2,0
3,0
6,0
2,0
0,0
0,4
6,1
9,4
3,0
2,1
2,2
4,2
1,0
0,1
12,0
2,0
2,0
5,2
22,5
1,2
0,0
2,0
1,0
1,1
2,3
4,1
10,1
0,1
2,0
0,0
1,0
0,0
1,0
3,0
1,0
6,0
2,1
27,4
6,1
2,0
13,2
11,0
8,1
5,0
7,2
5,0
4,0
14,1
2,0
2,1
1,3
0,1
2,1
8,1
2,1
0,1
3,0
5,2
1,0
15,2
12,1
9,2
14,1
9,1
9,1
17,1
23,3
1,1
3,0
4,0
24,2
1,2
11,0
25,2
18,0
0,0
0,0
4,1
9,3
1,0
0,0
7,1
1,1
2,1
4,0
2,0
5,0
4,0
13,2
3,4
2,1
9,2
19,3
2,2
5,1
6,1
5,1
4,1
1,0
4,0
2,0
4,1
5,0
12,1
6,1
11,0
11,1
14,1
1,1
6,3
1,2
9,2
2,1
52,3
8,0
25,3
2,1
2,1
4,1
19,1
5,1
4,2
2,4
4,2
2,1
5,0
14,2
17,2
13,1
1,0
0,0
5,0
13,0
8,1
15,1
1,0
5,1
5,2
7,2
9,2
9,3
1,0
5,1
4,1
3,0
4,0
18,2
0,0
5,1
4,0
0,2
3,1
8,0
1,1
3,4
2,3
1,3
1,0
3,0
1,0
4,0
8,1
2,0
8,2
2,0
1,0
1,1
0,1
8,1
6,5
8,3
1,0
2,1
8,1
11,3
4,0
5,0
5,0
4,2
2,3
13,3
5,3
23,4
16,1
0,0
6,1
3,1
2,0
1,0
2,2
12,1
2,1
6,0
9,1
0,0
1,0
0,0
12,1
1,1
0,0
2,1
6,0
1,0
3,0
2,1
4,2
3,0
3,0
1,1
1,0
2,0
4,0
1,0
7,1
6,1
16,4
3,0
5,0
5,1
10,2
4,1
3,1
6,2
0,0
7,0
1,1
5,1
1,1
6,1
5,0
10,0
7,0
4,0
15,1
9,0
8,1
2,0
2,0
2,1
3,0
2,0
3,0
0,2
3,0
3,0
2,0
6,0
2,0
0,0
2,0
1,2
0,0
1,1
1,2
0,1
4,0
11,2
3,0
0,0
7,0
3,0
1,2
2,1
4,0
1,1
3,0
0,0
1,0
3,0
13,1
2,1
1,1
1,0
2,1
10,0
5,0
5,1
2,1
31,1
4,1
20,5
4,3
22,1
5,5
6,5
7,2
2,1
1,0
8,4
12,6
9,5
13,0
0,0
2,0
1,1
2,0
1,0
0,0
21,0
13,0
13,1
7,1
5,0
3,2
12,0
6,0
0,0
9,2
7,0
0,1
2,0
0,1
1,0
1,0
1,2
5,0
1,1
6,0
6,2
1,1
3,0
2,1
8,0
4,0
35,8
25,3
2,1
18,1
21,8
1,0
11,0
13,1
2,1
4,7
2,0
0,0
1,0
0,0
3,0
6,0
5,0
9,2
3,0
1,0
1,0
18,1
2,1
2,0
8,0
1,0
3,1
5,1
2,0
4,2
9,3
1,1
8,0
4,1
2,2
6,2
0,1
3,1
2,0
2,2
5,2
3,6
0,0
6,0
3,0
4,1
3,2
9,1
0,1
1,3
3,0
2,0
0,0
6,2
0,0
0,1
2,0
8,0
4,1
1,1
5,0
5,1
3,0
1,3
2,2
8,0
2,0
8,0
17,2
31,0
17,0
12,2
71,8
23,1
20,0
7,1
6,2
4,2
9,2
14,3
22,1
4,0
1,0
3,0
5,0
1,0
3,0
0,0
4,2
3,1
1,0
1,1
6,4
3,1
7,0
3,0
0,0
2,1
1,0
1,4
0,3
1,0
3,1
2,0
6,1
2,0
5,0
4,2
13,0
5,0
15,1
7,0
3,1
8,0
3,0
2,1
3,1
0,0
4,0
1,0
3,2
18,1
4,0
12,1
2,2
3,3
7,1
0,3
2,1
3,0
3,0
1,0
2,1
4,1
1,0
8,3
0,0
10,1
4,0
18,3
5,1
0,0
2,2
0,0
3,0
10,3
7,0
1,1
4,4
3,1
1,0
1,0
3,1
1,5
13,0
12,2
1,1
8,1
8,2
17,1
24,2
1,1
1,2
17,0
14,3
2,2
0,1
3,0
14,1
7,2
13,1
2,0
2,0
9,1
6,1
21,2
6,0
9,0
3,2
15,3
5,1
10,1
2,3
2,1
16,2
14,5
2,0
1,0
0,0
1,0
0,0
0,0
4,0
5,2
3,1
3,0
0,1
1,0
5,1
5,0
1,1
6,0
1,0
4,0
13,0
11,0
0,0
2,0
0,1
12,2
4,2
7,1
7,1
1,5
2,1
6,1
6,2
4,1
3,0
11,1
3,0
1,0
2,0
3,0
0,0
1,0
0,1
1,0
1,0
5,1
2,0
0,1
1,0
2,1
4,0
3,1
0,0
9,1
6,1
1,1
2,1
0,0
2,0
11,1
3,0
0,0
5,2
2,0
2,1
9,1
2,0
4,0
3,0
7,1
1,1
1,0
2,1
3,0
2,0
2,1
5,0
1,1
5,1
3,1
14,0
4,1
2,1
6,1
1,0
4,1
1,0
0,0
0,0
3,1
1,0
4,1
4,1
1,0
1,2
17,1
8,1
9,1
1,0
0,0
11,2
7,1
2,0
5,1
0,0
4,1
5,1
0,0
0,0
0,0
2,1
5,1
0,0
4,2
1,1
9,0
4,1
3,1
2,0
4,2
1,0
1,1
2,0
3,1
5,2
0,0
1,1
1,3
5,2
1,2
2,1
13,0
1,2
2,1
8,4
7,0
3,1
1,0
4,0
0,0
2,0
4,1
2,0
4,0
10,1
1,1
3,0
2,0
7,3
5,0
2,0
2,0
0,0
3,1
0,0
7,0
8,1
7,1
3,0
10,0
4,0
1,0
3,1
3,1
6,0
4,0
11,2
2,0
19,0
2,3
3,2
8,1
1,1
6,1
3,0
2,0
3,2
6,0
1,1
5,1
5,0
4,1
1,1
5,1
3,0
3,0
0,1
7,0
1,2
1,1
18,3
1,0
4,0
3,0
2,0
16,1
3,0
7,2
2,0
7,2
12,0
4,1
3,0
3,2
7,1
3,1
1,1
4,0
5,0
2,0
6,0
2,1
0,0
9,0
2,0
2,0
0,1
1,1
4,0
1,0
0,0
5,3
2,2
0,0
8,0
3,0
5,1
4,1
0,0
1,0
4,0
14,2
6,1
5,0
4,2
5,2
3,0
7,0
1,0
2,3
6,0
0,2
4,4
2,0
7,3
3,0
8,2
12,1
4,2
1,0
6,0
3,2
1,2
9,4
10,1
2,1
3,0
3,1
1,1
2,0
3,0
2,1
3,0
1,2
4,0
5,2
0,0
8,0
1,1
2,1
3,0
1,0
0,1
2,1
0,1
25,2
4,0
7,1
3,1
2,0
3,0
0,0
2,1
1,1
2,2
4,0
0,0
3,3
5,0
1,0
3,0
12,3
17,2
0,0
4,1
9,2
4,0
0,0
5,1
2,0
2,0
0,1
4,0
2,0
5,1
5,1
3,0
4,2
18,4
1,0
1,0
0,0
4,0
2,2
3,2
3,1
1,1
2,0
1,1
0,0
3,1
4,0
5,1
6,1
0,0
13,0
0,0
7,1
3,0
1,1
3,0
0,0
3,0
4,0
2,0
2,1
2,1
1,1
2,1
1,4
0,1
0,3
8,1
2,0
1,2
11,0
17,3
6,1
0,0
2,1
4,1
1,1
3,1
5,2
3,1
1,0
2,0
2,0
0,0
6,0
6,0
6,1
14,0
13,1
3,1
6,1
3,0
6,0
0,0
1,1
2,0
3,1
2,2
4,0
6,0
1,1
9,0
4,0
3,1
4,3
1,0
2,0
4,0
2,1
1,0
3,0
2,0
6,0
6,1
3,0
2,0
4,0
3,1
6,0
4,0
4,1
4,0
7,1
1,1
6,1
2,0
0,0
4,0
0,0
0,0
0,1
3,1
1,1
1,1
3,0
2,0
5,1
4,0
1,0
1,0
1,0
1,2
3,1
7,3
1,0
6,1
1,0
5,2
1,0
4,0
2,0
3,0
1,2
2,0
1,3
0,1
1,1
3,0
1,0
1,0
1,0
5,0
4,0
5,0
4,1
7,0
12,0
2,1
5,0
7,0
4,0
3,1
1,0
1,1
5,1
2,0
8,0
0,1
1,0
7,2
2,2
2,0
9,1
3,0
4,0
1,2
6,1
0,0
0,0
10,2
5,2
3,1
4,1
4,0
12,0
7,0
15,0
2,1
4,0
2,0
4,0
10,2
6,2
11,1
19,1
0,0
14,0
3,0
0,0
3,0
0,0
3,0
2,0
4,3
0,1
6,0
4,0
1,5
2,2
6,1
0,0
2,0
0,0
0,0
3,0
8,1
6,1
1,0
1,0
1,1
1,1
0,1
2,1
1,0
0,0
2,1
1,2
1,5
1,0
1,0
0,0
4,0
1,0
1,0
0,0
1,0
3,2
5,0
0,0
0,0
0,1
0,0
2,0
3,0
3,2
2,1
6,1
3,2
0,0
0,0
0,0
6,1
3,0
1,0
3,0
4,1
1,0
3,0
1,0
0,0
5,0
0,0
3,0
2,1
1,0
0,0
2,0
0,0
1,0
2,0
3,1
1,0
4,1
2,0
0,0
4,2
7,1
3,0
2,0
52,4
37,2
42,2
12,2
10,0
30,3
5,0
2,1
0,1
2,1
3,0
0,0
4,0
7,0
1,0
1,0
22,2
0,3
5,0
0,0
6,0
8,0
3,0
0,0
7,0
1,1
0,0
6,1
2,1
7,1
1,0
2,0
3,2
4,0
4,3
5,2
4,1
6,0
5,0
5,2
3,1
4,1
2,0
2,2
6,1
3,1
0,0
3,4
13,0
5,0
12,0
2,4
1,0
3,1
8,4
14,4
11,3
2,3
39,3
39,4
10,1
4,0
5,2
1,0
2,1
1,2
2,0
2,2
1,1
1,0
5,2
7,1
11,0
6,2
6,0
7,0
5,1
1,0
3,0
9,1
2,0
1,1
2,0
1,1
3,1
1,0
2,1
1,0
0,0
3,0
4,4
1,2
4,1
4,1
3,0
2,0
8,1
12,0
23,1
3,0
0,0
10,1
4,0
6,0
1,0
0,0
3,1
8,2
2,0
5,2
5,2
1,0
1,0
1,0
0,0
6,0
7,2
5,2
5,2
8,2
1,0
7,2
2,1
4,2
4,2
1,0
11,1
6,0
1,1
3,0
6,1
2,0
2,0
4,2
2,0
11,0
5,0
3,0
8,1
4,1
2,0
1,2
6,0
4,1
4,0
7,0
1,2
7,0
3,0
1,0
0,0
5,0
11,0
6,1
4,1
29,1
0,0
6,1
2,1
6,2
7,1
7,1
4,0
1,1
1,2
5,0
11,0
1,0
1,0
4,2
7,0
1,1
3,1
4,0
1,1
2,0
3,1
1,1
2,2
0,5
1,6
3,0
6,1
1,0
3,0
5,0
21,0
6,0
1,0
6,1
5,1
2,0
3,2
7,1
2,0
5,0
7,3
8,1
1,1
9,1
1,0
8,0
3,0
11,1
2,4
6,4
5,0
4,3
3,1
5,0
2,0
6,1
10,0
17,2
2,1
6,0
2,0
1,1
3,0
1,0
4,2
8,0
2,1
0,0
11,0
0,0
7,0
3,2
5,0
7,1
3,0
4,3
7,3
0,0
1,3
3,1
2,0
1,1
1,2
13,2
1,0
7,0
3,0
8,2
3,1
4,1
0,0
1,0
0,1
8,1
2,1
7,0
0,0
1,0
1,0
5,0
2,0
3,1
1,0
10,0
3,1
6,1
9,3
4,0
1,1
7,2
8,0
1,0
2,1
2,1
1,0
1,2
2,2
3,2
8,0
2,0
1,0
3,0
0,0
1,1
4,0
1,1
6,1
3,1
1,1
1,3
2,0
12,0
1,0
9,0
3,0
8,1
5,1
2,0
1,0
1,0
1,2
6,2
5,1
9,2
6,1
2,1
5,0
1,0
5,2
2,0
10,2
1,0
2,0
20,2
33,3
7,1
5,0
7,1
2,3
1,2
2,0
2,3
12,1
1,0
1,0
0,2
1,0
8,1
18,0
23,3
5,0
4,0
7,1
0,0
1,3
0,0
1,0
5,0
1,0
9,0
1,1
3,1
1,0
0,0
2,0
4,0
4,1
1,0
6,1
1,0
4,1
1,0
0,0
2,0
4,0
0,0
6,1
2,1
2,0
2,1
1,1
4,0
9,1
1,1
0,0
5,0
1,0
6,1
9,0
2,1
5,1
10,0
1,1
2,2
2,1
2,0
4,0
1,2
3,1
3,0
3,0
5,0
2,0
1,0
0,1
5,2
1,0
1,1
1,0
3,0
2,0
7,1
0,1
5,0
3,1
1,0
0,0
4,1
2,0
1,1
2,1
3,0
7,2
1,0
0,0
5,0
3,0
2,0
0,0
2,1
5,2
2,2
5,0
1,1
1,0
4,0
2,1
0,1
6,1
2,0
5,0
5,2
2,1
2,0
0,4
1,0
3,0
1,0
4,0
11,1
1,0
0,0
2,0
0,0
0,0
4,2
0,0
0,0
2,0
4,0
5,1
1,0
0,0
1,1
3,0
3,1
0,0
2,0
0,0
10,0
7,3
3,0
1,1
1,1
3,0
0,0
3,0
0,0
1,0
1,0
2,1
5,1
0,0
0,0
11,1
9,4
6,8
0,0
1,1
2,0
0,2
1,0
0,1
3,0
1,0
3,2
1,0
1,0
2,0
3,0
2,0
9,1
0,0
7,1
9,0
7,1
4,1
2,1
5,0
2,0
6,0
6,2
7,2
1,3
0,2
3,0
3,0
2,0
1,0
2,0
6,4
1,1
3,0
2,3
7,0
3,0
2,0
1,0
8,0
7,1
3,3
4,0
3,0
10,0
10,0
3,0
3,0
3,0
4,0
0,0
2,0
1,0
17,1
11,0
3,2
3,0
4,2
5,1
6,0
14,4
7,2
1,1
8,0
8,3
2,0
0,1
3,0
3,0
2,0
3,0
2,0
29,1
5,0
1,1
1,0
6,0
2,0
9,2
3,0
8,3
2,0
2,2
5,1
6,2
3,0
4,0
5,1
6,1
0,0
3,0
0,0
0,0
3,0
4,0
1,0
12,1
5,0
4,4
11,0
3,2
5,0
8,1
3,2
1,1
1,0
6,1
30,4
28,0
8,0
11,2
7,1
3,1
0,3
1,0
2,2
1,1
2,0
4,1
3,1
1,0
2,1
15,1
3,2
6,1
12,1
0,0
3,0
3,2
5,1
6,2
10,3
1,2
8,3
2,1
2,1
2,1
24,0
2,1
2,2
7,2
5,3
2,1
7,1
18,3
2,4
6,0
11,1
2,1
1,1
2,2
1,1
6,1
0,1
2,1
1,0
0,0
2,0
0,1
27,1
30,0
0,1
6,1
0,1
1,1
14,1
0,2
3,0
1,2
1,0
3,1
3,1
4,1
1,0
3,0
5,0
6,0
0,0
2,0
3,0
4,1
2,0
3,0
7,1
1,2
3,0
4,2
4,1
1,0
3,0
2,0
3,3
6,0
1,0
3,0
5,0
1,0
1,0
1,1
0,1
0,0
0,1
3,0
0,0
7,1
4,1
2,3
6,2
11,1
5,0
3,2
1,0
3,0
9,1
3,0
5,1
6,3
16,4
11,1
5,2
7,1
9,2
16,1
4,1
3,0
4,0
3,0
7,2
3,0
5,2
2,0
5,0
0,1
15,1
1,0
5,1
32,8
2,1
2,0
4,1
3,1
4,1
9,0
3,2
1,1
3,0
4,0
7,0
2,1
0,2
2,0
1,0
4,0
4,0
0,0
2,0
11,0
9,3
2,0
10,1
9,0
6,2
5,0
0,0
11,0
5,0
3,0
5,3
2,1
1,1
1,1
1,3
6,0
4,0
5,2
0,0
3,0
4,0
2,0
5,1
4,1
2,0
1,0
4,2
1,0
5,0
1,0
1,0
3,0
1,0
3,0
5,0
1,0
2,0
2,0
2,1
3,1
1,1
1,0
6,3
0,0
4,0
3,1
7,0
1,0
6,0
7,0
6,1
6,0
8,0
4,0
4,2
5,0
7,0
1,0
8,0
0,0
1,0
1,1
3,0
1,3
3,1
5,0
2,2
2,2
10,1
2,0
1,2
1,1
4,0
5,3
8,3
1,3
3,0
13,0
4,1
8,0
4,0
2,0
5,2
1,0
3,1
8,0
2,1
1,0
0,0
1,1
2,0
0,0
5,0
1,1
5,1
7,1
0,0
6,0
6,0
1,0
4,0
3,0
3,0
6,1
10,1
2,0
3,2
5,0
1,0
9,1
3,0
7,0
7,1
4,0
7,0
0,1
3,0
2,0
1,0
6,0
3,0
8,1
4,1
0,0
1,0
3,1
15,3
3,1
7,0
7,1
8,1
3,0
9,0
5,1
3,0
1,0
3,1
2,2
3,1
3,1
1,1
1,3
6,0
1,1
3,0
2,1
2,0
3,1
6,0
1,0
18,1
1,1
5,0
3,0
2,2
5,2
0,2
2,0
7,0
4,1
2,0
4,0
2,0
1,0
4,1
9,0
5,1
5,0
4,1
8,0
1,1
5,1
1,1
5,1
0,3
1,1
3,2
1,1
7,0
4,1
10,3
1,1
1,0
2,1
3,2
2,1
2,2
8,0
0,0
1,0
1,0
1,0
2,0
6,1
2,0
6,0
2,1
5,0
4,0
0,0
1,0
2,2
2,0
2,0
3,0
4,0
5,0
6,1
14,1
2,0
1,0
12,4
5,3
7,4
4,2
2,0
4,1
3,1
0,0
1,1
6,1
1,0
7,2
1,2
4,1
8,2
7,0
7,0
1,0
0,0
5,0
2,1
2,0
5,1
9,4
2,0
2,0
8,0
6,1
0,2
2,4
2,1
3,1
1,1
5,1
8,2
1,0
3,2
2,1
9,1
1,1
1,1
0,0
0,0
9,6
1,0
5,0
4,2
0,0
9,2
4,1
2,1
1,0
2,0
6,1
1,0
6,2
5,1
12,0
4,3
0,0
4,0
5,0
7,5
10,0
2,0
1,0
0,1
2,0
0,0
6,1
6,0
9,1
4,1
4,1
8,0
1,0
8,0
7,0
9,1
10,2
3,0
2,0
17,1
0,2
1,0
24,2
12,2
15,1
17,1
8,0
8,0
2,0
2,1
4,0
1,0
16,2
1,0
4,0
8,2
1,1
1,1
13,0
2,0
5,1
9,1
2,1
5,0
2,2
2,0
3,3
7,0
1,1
2,2
1,2
7,2
1,3
4,1
0,1
0,0
8,1
0,3
8,1
4,1
0,1
2,1
6,1
3,0
1,1
7,0
6,3
1,0
11,0
0,2
6,0
1,0
1,1
17,1
2,1
17,1
18,0
3,0
0,1
9,1
2,0
18,3
0,0
8,1
3,0
1,0
9,0
0,0
4,1
3,0
4,2
2,1
3,1
6,1
14,2
1,4
5,1
5,0
3,2
1,2
2,4
3,3
3,0
3,2
1,0
2,3
6,2
4,2
7,3
4,6
2,1
4,1
2,0
5,0
11,3
4,1
6,0
0,0
2,0
0,0
3,0
3,0
5,1
3,0
2,4
5,3
2,1
5,0
1,0
0,0
4,4
4,2
2,0
3,1
2,0
4,1
4,1
15,2
3,0
5,2
2,0
2,0
0,1
5,0
8,2
3,1
5,1
2,1
1,1
3,1
3,1
2,1
14,1
1,0
2,1
5,3
2,0
2,0
0,0
1,0
3,0
0,0
2,0
1,0
0,0
1,0
2,1
6,1
1,1
3,0
4,0
1,0
0,0
10,1
2,1
1,1
0,2
0,0
13,2
2,1
0,0
4,1
3,4
2,1
0,1
1,1
4,0
1,0
2,0
3,0
5,0
0,1
3,1
12,1
16,4
6,1
6,0
1,0
2,0
4,0
5,2
5,1
5,0
1,0
3,0
0,1
2,0
6,1
5,0
4,1
13,3
2,2
3,4
0,2
5,1
21,0
6,0
1,5
24,2
14,2
12,0
3,2
7,3
22,4
1,2
33,1
1,0
1,0
63,4
24,1
5,3
11,1
5,1
0,5
4,2
7,2
3,1
3,1
3,1
15,1
1,0
2,3
3,1
5,1
2,0
36,8
12,5
11,2
11,1
3,1
101,14
2,1
2,0
7,3
1,1
0,0
3,2
4,1
1,0
4,4
4,0
2,1
39,1
25,2
69,4
12,4
2,0
7,0
3,3
12,1
7,2
5,1
2,0
3,3
5,0
1,0
13,1
4,2
3,1
1,1
2,2
8,4
1,1
6,0
1,1
9,2
7,1
2,0
4,2
1,1
4,1
4,0
4,1
13,1
3,0
4,2
0,0
3,0
1,0
2,0
4,0
2,0
4,3
2,0
4,1
14,1
6,0
2,1
3,0
1,0
2,2
1,0
1,0
9,1
1,0
2,1
4,0
6,1
2,1
9,0
2,1
3,3
4,0
1,1
1,2
2,0
3,1
1,0
1,0
3,0
9,0
11,1
1,0
3,0
5,0
9,0
7,3
6,0
8,0
5,2
11,0
8,1
2,2
0,0
4,1
1,0
7,1
4,0
3,0
4,0
1,1
3,0
0,2
3,1
11,2
8,4
3,2
8,0
1,0
5,0
27,3
2,0
3,0
0,0
0,0
0,0
0,0
1,0
4,1
3,0
0,0
0,0
13,1
11,4
3,0
0,0
1,0
2,1
1,1
2,0
4,0
1,1
1,2
3,0
2,0
1,2
0,1
0,0
5,0
4,0
7,1
4,0
6,1
4,0
2,0
3,2
2,1
1,0
1,0
1,0
5,3
6,1
6,1
2,0
2,0
1,2
4,1
1,0
0,0
12,2
2,0
2,0
6,0
6,1
16,2
3,3
4,4
6,0
11,3
4,1
4,9
2,1
1,1
10,3
9,2
3,2
3,0
6,1
5,5
0,0
1,0
1,1
1,1
1,0
2,0
5,1
1,3
1,7
6,3
1,0
12,1
0,0
1,1
5,0
4,2
7,1
2,0
1,0
0,1
0,0
0,0
3,1
1,1
1,0
8,0
17,1
5,4
4,3
4,0
5,2
2,2
6,1
0,1
12,2
2,0
5,0
2,0
6,1
5,0
3,2
1,1
11,1
4,0
1,0
7,0
7,0
5,1
6,4
1,1
0,2
7,0
6,0
8,2
1,0
5,1
2,0
2,0
2,2
6,0
7,0
14,2
4,0
2,1
7,1
4,0
2,0
4,1
3,0
3,0
5,0
7,4
5,0
1,1
0,0
12,0
4,1
21,0
6,3
9,0
0,3
5,0
2,0
15,4
2,0
1,0
1,0
0,0
0,3
3,0
1,0
4,0
5,1
6,0
0,2
9,2
3,0
6,1
0,0
1,0
2,0
5,0
3,1
8,0
5,0
9,1
2,1
7,0
4,0
3,1
0,1
1,0
2,0
7,1
11,0
0,0
2,0
14,3
15,0
17,1
3,2
14,2
5,2
6,2
4,5
3,0
4,2
1,1
4,4
1,0
4,1
9,4
47,3
35,1
2,0
10,2
2,0
3,1
5,2
2,2
3,1
2,1
3,0
9,4
1,1
15,3
5,1
4,0
5,0
6,2
2,1
20,3
4,1
5,0
0,1
10,2
2,0
0,1
3,1
7,4
26,1
1,0
1,0
3,0
2,1
7,0
8,0
5,0
9,0
7,1
9,1
0,0
0,3
2,0
2,2
2,2
0,1
4,0
2,0
3,0
1,0
4,0
9,2
2,0
10,1
1,0
3,1
9,3
1,1
6,4
1,1
3,0
5,3
1,0
10,2
6,2
4,1
4,2
5,1
9,2
1,0
2,1
3,1
11,1
4,0
5,2
10,1
1,0
2,0
7,1
6,0
10,0
2,2
5,1
9,1
2,0
1,1
4,3
8,0
8,0
0,1
6,1
8,1
2,2
0,0
0,0
1,0
5,1
3,1
2,0
7,0
6,0
0,0
5,1
10,1
0,0
6,1
6,2
27,1
1,1
6,1
1,2
0,1
6,0
1,1
13,1
5,0
3,1
8,1
5,1
3,1
3,3
0,0
2,0
5,1
0,1
1,3
5,0
4,1
6,4
3,0
4,1
1,1
1,0
3,0
2,0
2,1
2,0
6,1
1,1
0,0
1,0
5,1
1,0
1,0
0,0
2,1
4,0
0,0
0,1
10,1
1,0
5,0
1,1
2,1
6,1
15,1
7,1
0,0
1,1
3,0
1,1
6,1
0,0
3,0
0,0
2,1
1,0
0,0
1,0
0,1
3,1
5,1
0,0
1,1
1,3
0,0
3,1
1,0
2,1
2,1
3,0
2,0
2,1
6,1
2,0
2,1
0,0
6,0
0,0
3,1
1,1
2,0
1,0
5,0
1,1
11,0
5,0
2,0
1,2
5,0
3,0
6,0
0,2
27,1
22,3
5,0
0,1
3,1
0,1
4,1
2,0
2,1
5,1
5,1
6,1
5,1
6,1
2,0
3,0
0,1
3,0
1,1
2,1
4,1
2,1
3,1
4,2
3,1
3,0
3,1
3,0
8,1
2,2
2,0
1,1
1,0
3,0
1,1
1,0
11,1
3,2
2,0
7,1
4,1
0,0
25,6
6,2
4,2
3,1
8,2
5,1
13,1
26,3
5,0
1,1
8,1
5,2
7,1
9,2
0,0
3,0
1,1
1,2
16,1
3,0
8,0
3,1
2,1
2,0
7,1
0,1
0,0
0,0
9,1
2,1
6,0
7,0
5,0
2,1
5,1
3,1
2,0
6,2
3,1
9,0
4,1
8,0
9,2
6,1
35,6
2,2
3,0
7,0
4,1
5,4
6,3
1,1
0,0
4,0
2,1
3,3
6,0
1,1
3,0
5,0
0,0
3,2
1,0
1,0
2,0
3,4
3,0
6,1
5,3
3,0
1,0
3,1
1,0
1,1
0,1
4,0
2,0
2,1
12,0
2,1
1,1
10,0
8,0
4,1
2,0
1,0
1,1
6,0
3,1
9,1
0,2
2,0
4,1
5,0
1,0
7,0
1,0
12,2
6,0
1,0
3,1
1,1
3,0
2,0
3,2
4,0
2,0
4,0
3,0
1,0
3,0
7,0
7,1
2,2
5,2
8,3
1,0
14,1
13,0
11,0
6,0
2,0
1,0
10,2
7,1
1,1
3,0
3,0
3,0
9,0
2,0
2,0
7,2
8,0
0,0
11,0
13,0
8,1
2,0
3,0
5,1
2,0
1,0
3,1
6,0
13,1
0,2
3,0
1,1
5,0
7,2
3,0
9,0
2,0
2,1
1,3
8,1
1,0
3,0
1,0
0,0
1,1
3,0
1,1
2,0
2,1
1,0
3,1
3,1
24,3
3,0
17,2
1,1
0,3
6,1
14,0
4,0
2,1
3,0
12,1
2,1
3,1
2,3
6,2
3,0
7,0
13,1
5,3
0,0
3,1
4,2
0,0
0,3
6,1
4,0
2,1
3,0
4,0
29,3
5,1
15,1
5,0
3,1
19,1
1,0
3,0
0,0
2,0
2,1
6,1
12,1
0,0
2,0
1,0
3,1
8,0
4,1
7,0
2,0
0,0
3,0
6,1
0,1
7,2
18,2
2,0
1,0
3,0
1,0
1,0
1,0
1,0
1,1
1,1
1,0
1,0
4,1
0,2
0,0
1,0
0,0
4,1
11,3
1,0
0,0
4,0
2,1
0,0
4,0
11,2
3,1
2,1
8,1
3,2
3,1
13,5
1,3
0,0
1,0
2,0
0,0
1,1
10,3
4,3
6,5
2,0
2,0
0,0
3,0
2,1
0,1
0,0
5,1
13,0
0,0
3,0
3,0
0,0
6,2
3,0
1,0
14,1
3,0
1,0
5,1
8,1
11,1
2,0
2,0
3,1
5,1
12,1
6,0
10,2
3,0
18,1
2,0
2,4
18,3
8,1
6,0
5,3
5,0
4,1
16,2
8,0
6,1
2,1
5,2
2,3
0,0
2,0
2,0
3,0
1,0
11,1
3,0
4,1
1,1
1,1
2,2
4,1
3,1
7,3
4,0
2,0
1,0
1,0
1,2
1,0
1,1
0,0
3,2
16,2
1,0
3,0
7,0
2,0
7,1
2,0
1,1
4,1
7,2
1,0
9,1
11,1
5,0
1,2
2,0
0,0
2,2
0,0
2,2
6,1
0,0
7,1
2,2
4,0
2,0
1,1
1,1
4,0
1,1
2,2
0,0
1,0
2,1
1,0
7,2
3,0
4,0
3,0
6,1
2,0
7,1
1,0
0,0
2,2
4,1
13,0
8,1
2,0
3,0
0,1
1,0
3,0
1,0
3,1
1,0
0,0
3,1
16,2
1,2
4,5
2,0
0,0
1,3
3,1
17,0
5,3
5,2
2,1
10,1
3,0
5,0
10,1
2,0
1,0
2,2
10,2
5,1
2,2
0,0
4,5
3,2
1,4
9,0
9,1
15,2
9,2
10,0
9,0
6,1
6,1
11,0
9,1
6,1
5,1
0,1
0,0
1,1
5,0
2,0
5,0
7,1
4,0
5,5
1,1
0,1
5,1
2,0
2,1
2,1
3,1
1,0
0,1
1,1
24,1
1,0
3,0
0,0
9,0
3,0
3,0
2,0
3,0
1,2
1,0
15,2
10,0
2,1
4,0
2,0
1,0
1,0
0,1
17,2
4,1
4,0
4,0
0,0
1,0
1,0
3,0
3,1
3,1
2,0
1,1
0,1
0,0
9,1
1,0
2,0
2,1
8,1
2,0
1,0
5,1
2,1
0,0
1,0
2,2
6,0
3,0
1,1
10,0
4,1
2,1
6,2
7,1
1,0
6,0
0,0
3,0
8,0
2,1
5,1
9,0
1,1
2,0
3,0
3,0
5,1
3,0
6,1
3,1
1,2
4,3
6,1
4,1
7,1
7,1
5,1
10,2
3,2
1,0
6,0
0,0
2,0
4,0
2,1
11,1
1,1
3,0
1,0
13,6
13,3
8,1
7,1
1,1
6,1
0,0
1,0
2,0
0,0
13,0
0,0
2,2
0,0
13,0
1,0
2,0
10,2
0,0
2,2
7,1
0,1
2,0
0,1
5,0
20,0
33,0
1,0
5,0
3,1
12,0
2,2
4,0
1,3
4,0
1,0
2,0
2,1
7,2
3,0
4,3
6,1
8,0
0,2
13,1
2,2
1,0
1,0
1,2
16,1
4,2
5,1
1,2
7,0
9,2
15,2
7,1
15,1
2,0
0,0
4,0
3,1
2,0
7,2
2,0
4,1
5,1
2,0
3,0
8,0
3,1
3,0
2,1
2,1
1,0
5,0
2,0
3,0
8,2
4,1
3,2
3,0
4,0
6,0
9,0
2,2
1,0
0,0
7,1
5,1
5,2
4,1
3,1
0,1
3,1
5,3
7,0
2,1
4,1
4,1
3,1
2,0
20,3
2,0
9,2
1,0
6,1
10,2
7,1
6,1
1,2
5,0
3,0
3,1
2,1
0,0
6,0
1,1
1,0
2,0
1,0
2,0
2,1
1,1
7,2
2,0
6,1
4,1
4,0
2,1
7,0
6,0
0,1
3,0
4,0
2,1
7,0
7,0
8,1
2,2
2,0
12,0
8,2
2,0
17,0
0,0
5,1
3,0
5,1
2,0
2,0
0,1
5,1
11,0
2,0
0,0
2,1
15,1
6,1
1,0
4,0
1,0
6,0
2,0
2,0
6,0
3,0
5,2
4,0
0,0
1,0
3,1
3,1
1,0
6,1
0,1
1,0
2,0
6,0
1,1
5,1
3,2
5,1
12,1
1,0
19,4
1,0
8,1
3,1
0,0
0,1
5,2
5,0
1,1
4,0
1,0
2,1
1,0
2,0
2,1
1,0
4,0
6,0
2,0
3,0
6,1
5,1
2,0
4,0
3,1
9,0
1,0
4,0
2,1
1,1
0,1
2,2
2,0
3,0
2,0
0,0
1,0
8,4
1,0
0,0
6,0
6,0
2,0
4,0
5,2
3,1
6,1
3,0
1,1
1,1
5,0
3,0
1,2
2,1
1,1
4,0
6,2
17,0
21,1
0,0
3,1
4,0
0,1
3,0
3,0
6,0
2,1
1,0
3,0
5,1
2,1
4,1
1,0
3,2
1,0
7,2
3,0
5,0
4,1
3,1
5,0
6,1
0,1
3,0
12,1
9,2
5,0
4,0
0,0
2,0
8,0
11,1
6,1
9,1
16,3
21,2
5,2
4,0
2,0
1,0
0,0
1,0
0,0
5,1
3,1
6,2
3,0
2,1
0,0
4,0
0,1
2,0
5,2
1,0
0,1
1,0
5,1
0,0
1,2
7,0
0,1
4,2
1,2
2,0
0,0
3,0
1,0
12,0
3,0
2,0
0,0
3,0
1,0
3,0
1,0
2,0
5,0
0,0
0,0
0,0
1,0
5,1
0,0
0,0
1,0
2,0
2,2
1,2
4,0
2,0
2,0
2,2
0,0
6,0
0,0
2,0
1,0
2,0
2,0
1,0
5,0
1,0
1,0
1,0
1,0
2,0
1,1
2,0
4,0
3,0
2,0
0,0
0,2
1,0
0,0
5,0
3,0
0,2
1,0
3,1
0,0
3,0
1,0
1,0
2,0
6,0
2,0
3,1
2,2
2,0
1,0
3,0
3,1
3,0
4,1
1,1
2,1
2,3
11,1
1,5
2,0
1,0
2,2
0,0
7,1
0,0
3,1
2,2
1,0
1,0
1,2
2,0
1,0
0,0
1,0
4,0
5,0
0,0
1,0
0,0
4,1
1,0
0,1
3,0
2,0
3,0
2,0
1,0
1,0
0,0
3,0
2,0
2,1
1,0
1,0
0,0
2,1
0,0
2,1
0,0
6,2
0,0
1,0
1,1
0,0
1,1
0,0
0,1
0,1
3,0
0,1
1,0
0,0
8,1
2,0
1,0
2,1
3,0
1,0
9,0
4,0
0,0
2,1
3,1
4,0
0,2
6,0
4,0
6,0
2,0
1,3
4,0
3,1
0,1
6,0
3,1
4,0
1,0
0,0
1,0
7,1
1,1
5,0
0,0
5,0
4,0
1,0
3,1
1,1
0,0
4,4
2,1
1,1
2,3
3,2
6,1
2,0
0,1
3,0
4,0
3,0
1,0
5,0
2,0
1,0
5,2
2,0
0,1
2,0
2,1
1,1
2,0
2,0
1,2
1,3
9,1
1,0
2,1
1,0
2,0
2,0
1,1
0,4
1,0
0,1
1,0
0,0
11,0
1,0
8,0
1,0
3,2
0,1
2,0
2,0
0,3
1,2
2,0
2,1
1,0
1,0
2,1
1,0
0,0
1,0
1,0
11,0
1,0
1,0
2,1
2,0
4,1
0,1
3,0
6,1
3,0
3,0
3,1
0,0
1,3
5,1
8,0
2,1
1,0
1,0
2,2
5,0
0,0
2,0
2,0
6,2
1,2
1,1
2,0
0,0
3,1
0,0
1,0
1,0
1,0
1,0
0,0
6,1
0,0
0,1
5,1
6,1
2,1
0,0
3,0
2,0
0,0
0,1
2,1
1,0
2,1
2,1
2,1
2,0
2,0
2,2
2,0
0,0
4,1
10,0
1,0
2,0
3,1
4,0
0,1
5,1
1,1
0,1
2,1
3,1
1,0
0,0
1,0
0,0
1,0
0,0
3,0
2,0
3,1
6,0
1,0
0,0
1,1
4,3
1,0
3,1
3,0
3,0
2,0
3,1
1,1
0,1
0,0
1,2
1,0
3,0
1,0
0,0
1,1
1,1
0,0
4,1
1,2
4,0
0,1
2,0
5,1
2,1
1,1
0,0
2,0
1,1
4,2
0,0
6,0
0,0
1,0
1,1
3,1
6,0
8,1
0,1
0,0
3,0
7,2
0,0
3,1
6,2
1,0
4,3
1,1
3,2
4,1
3,1
5,2
5,0
1,0
2,1
3,0
2,0
0,0
2,1
2,0
2,0
3,0
3,0
1,1
1,0
6,0
2,0
0,1
1,2
2,0
1,0
0,0
1,0
3,3
1,1
1,0
8,0
0,0
0,0
1,0
0,0
5,0
0,0
10,0
2,0
0,0
0,0
2,0
3,2
7,0
2,0
6,1
4,0
1,0
3,0
1,0
1,1
0,0
1,2
4,0
0,2
1,0
2,0
1,0
4,2
1,0
1,0
5,0
0,0
1,1
2,0
4,0
4,1
0,0
3,0
1,0
0,0
7,0
1,2
1,1
1,1
0,1
1,1
4,0
8,0
2,3
0,1
1,2
1,0
1,1
2,2
2,0
2,0
4,0
2,2
3,0
0,1
5,1
4,1
2,0
0,0
5,0
0,1
1,0
3,2
1,0
4,0
1,0
2,0
3,0
3,0
6,1
1,0
1,0
0,2
3,2
1,0
0,0
2,0
1,0
9,2
6,3
2,0
0,1
4,3
1,2
3,2
7,2
8,1
2,0
3,1
1,0
0,0
2,1
8,2
0,1
0,0
2,2
1,1
1,1
5,2
3,1
5,1
4,0
1,0
1,2
2,2
2,0
2,0
0,1
4,0
0,1
3,1
1,0
4,0
2,0
6,0
2,1
1,0
1,0
3,1
1,0
1,0
1,0
4,0
2,1
2,1
2,0
4,0
0,0
1,1
1,1
0,2
1,1
1,0
2,0
4,3
1,0
1,2
1,0
2,3
1,0
4,1
3,2
3,0
7,1
3,0
2,1
5,1
9,2
4,3
0,0
1,1
0,0
3,1
1,1
1,3
2,0
1,0
1,0
0,0
1,0
0,0
3,0
2,1
1,0
1,2
1,1
1,0
0,0
0,0
4,0
2,0
2,4
0,1
1,0
1,0
3,1
1,2
3,0
3,2
5,0
9,0
4,0
3,0
2,2
3,1
0,2
5,1
0,1
0,0
0,2
0,0
6,0
1,2
3,0
5,1
2,1
12,2
3,3
2,0
4,0
0,0
0,0
2,0
2,0
3,0
0,0
0,0
1,0
0,0
5,0
5,0
4,4
7,2
8,1
2,0
4,0
5,0
5,3
1,1
1,0
1,0
4,1
6,1
2,0
2,0
3,0
7,0
5,0
2,0
1,0
4,0
2,0
3,0
1,0
4,0
1,0
8,0
1,0
1,1
2,1
1,2
2,0
0,0
3,4
1,2
4,1
0,1
4,1
2,1
4,0
0,0
4,0
0,0
3,0
1,1
1,0
2,1
7,0
3,0
4,1
9,1
1,0
1,0
4,0
1,1
0,1
5,2
0,0
0,0
10,0
0,2
5,0
1,0
0,0
0,2
4,0
1,1
3,2
2,0
2,0
5,0
1,1
2,1
3,0
3,0
0,0
1,0
0,1
10,0
7,0
1,0
1,0
3,0
2,1
1,0
0,0
2,0
5,2
1,0
3,4
0,0
0,0
2,0
2,0
3,0
0,0
1,0
0,1
4,1
2,0
0,1
1,0
1,2
1,2
2,2
3,0
5,0
2,0
0,1
1,3
2,0
8,1
0,0
0,0
2,0
2,0
5,0
3,0
1,0
2,0
0,0
0,0
0,0
3,1
2,0
2,1
0,0
2,0
2,0
2,0
2,0
4,0
3,1
2,1
1,0
1,0
2,0
2,1
1,0
7,0
5,3
0,0
3,1
2,0
1,2
2,0
4,2
2,1
1,1
2,3
3,1
2,0
1,2
8,1
4,3
1,2
4,1
6,0
0,0
2,1
6,1
0,0
0,0
1,0
0,0
0,0
0,0
1,0
0,0
1,0
1,1
6,1
3,0
8,0
1,0
2,0
0,0
0,0
3,0
1,0
3,1
0,0
2,0
1,0
1,0
2,0
3,1
1,0
0,0
0,0
7,0
1,0
3,0
0,0
2,2
1,1
2,0
0,0
0,0
0,0
9,0
4,0
6,0
4,0
4,0
4,0
1,0
5,0
2,1
1,2
1,0
0,0
2,0
2,1
1,0
3,0
3,1
2,0
5,1
3,0
1,0
1,0
6,0
1,0
1,0
4,1
4,0
3,0
4,0
5,3
0,0
6,0
1,0
2,0
1,0
1,1
1,1
4,0
3,0
1,0
1,0
3,0
0,1
5,0
5,1
6,3
3,3
4,0
10,2
1,0
1,2
1,0
2,1
3,1
2,0
0,0
2,2
3,4
2,1
0,0
0,0
3,0
4,3
4,0
6,2
1,0
2,0
6,0
1,0
3,0
4,1
1,0
1,0
3,1
2,2
0,0
3,1
1,1
1,1
1,0
2,1
2,1
4,1
9,0
4,0
2,0
4,0
1,1
2,0
6,0
1,1
3,0
2,1
4,1
2,1
3,1
3,0
1,0
1,0
0,0
1,0
3,1
1,0
0,0
1,0
1,0
0,0
0,0
2,0
1,1
0,0
2,0
1,0
1,0
6,1
0,0
3,1
1,1
2,0
1,0
0,0
9,0
1,0
2,1
2,0
2,2
3,1
8,0
2,0
5,0
0,0
0,0
4,0
0,0
1,1
2,2
1,1
2,0
0,0
4,0
5,1
1,0
1,0
2,0
1,0
2,1
1,0
3,0
1,0
1,2
3,3
3,0
1,0
2,0
5,0
1,1
2,3
4,1
3,0
2,0
1,0
2,0
6,1
3,0
0,0
2,0
1,2
2,0
1,1
1,0
1,0
2,0
0,0
1,0
2,1
1,0
1,0
1,0
0,0
2,0
2,1
0,1
0,0
7,1
1,2
2,0
1,0
2,0
0,0
1,0
5,0
1,2
1,0
0,0
3,0
1,2
0,1
0,0
1,1
2,1
1,0
2,0
5,2
3,0
1,1
2,0
1,0
4,1
5,3
0,0
4,1
0,2
0,1
0,0
1,0
1,0
1,0
0,0
1,0
6,1
0,0
5,1
3,1
7,1
1,0
3,0
3,0
5,0
1,0
1,3
0,0
4,0
4,1
1,0
0,1
1,2
1,0
2,1
4,0
1,1
1,2
4,2
3,0
5,1
3,1
0,1
1,0
2,0
3,1
0,2
0,3
0,2
5,0
0,0
1,0
4,0
1,0
5,1
0,0
4,0
1,0
4,1
1,1
1,2
0,0
1,1
0,1
1,1
1,0
0,0
1,0
0,2
4,1
2,0
0,0
0,0
2,0
2,0
1,1
1,0
0,0
1,0
2,0
2,0
1,0
4,2
3,0
1,1
4,1
4,4
6,1
1,1
3,0
0,0
1,0
4,0
0,0
0,0
2,1
5,0
2,1
1,1
7,1
0,0
1,1
4,0
2,0
0,1
1,3
1,0
2,0
0,0
2,1
1,0
3,2
0,0
4,0
0,0
2,0
2,1
2,1
0,1
3,0
0,0
2,0
1,0
2,0
0,0
2,0
3,0
4,0
0,0
1,0
0,0
1,0
1,0
1,0
1,1
0,2
0,0
1,0
0,4
1,2
1,1
1,0
3,0
2,0
1,0
7,0
1,0
0,1
5,0
1,0
1,0
0,1
1,0
1,1
1,0
0,0
3,0
1,0
4,5
3,0
3,0
5,2
0,0
0,0
10,2
1,1
0,1
3,1
1,0
2,0
2,0
5,2
4,1
2,0
2,0
6,1
2,1
5,0
4,0
3,3
0,0
6,0
0,0
0,0
2,0
2,0
2,1
2,0
1,1
1,0
6,0
2,1
2,0
2,0
1,0
1,0
5,0
0,0
1,0
8,0
4,0
0,0
6,0
6,0
1,0
2,1
5,0
1,0
0,0
3,0
1,0
2,2
1,1
0,0
5,0
1,1
0,0
0,0
3,1
1,0
1,1
1,0
2,0
3,1
2,0
2,1
1,0
1,1
4,0
5,1
2,0
2,1
2,0
1,1
2,0
0,1
1,1
1,1
1,0
2,0
2,2
1,0
1,3
3,0
2,0
1,0
0,1
2,1
13,1
1,0
5,2
2,1
1,0
1,2
1,1
2,1
4,0
1,0
4,0
4,1
1,0
5,2
0,0
1,0
2,0
2,0
0,0
3,0
2,0
3,0
4,1
0,1
1,1
1,1
0,1
1,0
1,3
2,0
4,0
2,1
0,1
0,0
1,0
0,2
1,2
0,0
2,0
0,2
0,0
2,1
0,0
2,1
4,3
9,0
1,0
2,0
5,0
3,0
4,0
2,1
2,0
3,0
1,0
1,1
0,3
0,1
1,1
7,0
2,0
4,0
1,0
3,0
1,0
3,0
1,0
1,1
2,0
2,0
1,0
0,0
1,0
1,0
3,2
5,1
2,2
2,1
3,2
1,0
3,6
0,0
2,0
0,0
2,2
0,0
1,0
6,0
2,1
3,0
0,2
3,1
3,0
2,0
2,1
1,1
2,1
2,0
2,1
1,0
2,0
0,0
2,0
0,0
1,0
1,0
1,1
0,1
0,1
0,0
0,0
1,0
0,3
1,0
4,1
3,0
3,0
1,0
3,0
2,0
7,0
1,2
4,1
1,0
1,0
3,0
4,3
9,0
10,2
2,1
0,1
4,0
2,0
5,1
1,1
1,0
5,2
0,0
2,1
2,1
5,0
3,1
1,1
2,0
1,0
4,0
3,0
3,0
4,0
2,2
1,0
0,0
1,0
0,0
0,0
1,0
0,0
0,0
0,0
3,0
1,0
1,4
5,1
1,0
3,1
2,1
1,1
0,0
2,0
1,0
2,1
0,0
4,1
1,1
0,2
0,0
2,0
4,0
1,0
3,0
2,0
1,3
2,0
5,1
0,0
2,1
3,1
0,0
4,1
2,0
0,1
3,0
3,0
1,1
1,1
1,0
6,0
3,0
0,0
0,0
1,0
2,0
2,0
1,0
0,1
2,0
6,0
1,0
1,1
0,0
1,0
2,0
1,1
2,0
1,0
0,0
3,0
0,0
1,0
2,1
1,1
1,0
0,0
2,1
1,0
6,0
1,0
1,0
1,1
1,0
1,0
2,0
1,2
0,0
1,1
3,1
0,0
1,0
1,1
2,1
3,0
0,0
4,1
1,0
1,2
2,0
4,0
1,1
0,1
1,0
5,1
5,1
1,0
3,0
0,0
1,0
0,0
1,0
2,0
4,0
1,0
4,0
0,1
1,1
2,1
0,0
2,0
1,0
0,0
0,0
0,0
1,2
3,0
3,0
1,2
1,0
2,0
6,1
1,0
3,0
4,2
4,0
3,0
0,0
1,0
0,0
0,0
1,0
2,0
3,0
1,1
3,0
1,2
1,0
0,0
0,0
4,1
5,1
0,0
1,2
2,0
0,0
0,0
2,2
2,1
2,1
3,1
0,0
1,2
8,0
3,0
3,2
3,1
3,4
2,2
3,1
2,0
8,0
1,1
3,2
8,2
0,0
0,0
2,0
2,0
0,0
1,0
1,0
0,0
0,1
0,1
3,0
3,0
0,0
4,0
1,0
5,1
3,2
1,0
3,2
3,0
3,0
8,0
2,0
2,0
3,0
1,0
2,1
2,0
1,0
1,0
6,1
2,0
3,0
0,1
2,2
2,0
1,1
1,2
2,1
5,0
2,0
2,0
1,0
3,0
0,1
4,0
2,0
0,0
2,0
0,1
0,0
1,2
1,0
0,2
0,0
1,0
1,1
1,0
1,0
3,0
1,0
0,0
2,0
1,0
0,0
0,1
3,0
0,0
1,0
2,0
1,0
2,0
3,2
3,1
1,1
4,0
4,0
6,1
3,0
1,0
3,0
3,0
2,1
5,0
1,1
0,1
0,1
2,1
3,0
8,1
1,0
0,0
4,1
1,0
1,3
3,0
0,0
0,0
12,2
1,1
7,0
1,1
0,1
1,1
5,1
1,0
4,0
0,0
4,0
0,0
1,1
1,2
1,3
0,0
1,0
0,0
1,0
2,1
5,0
0,0
4,0
3,1
5,1
0,0
2,1
1,2
2,1
2,0
3,0
0,0
2,2
2,2
0,0
4,0
4,0
1,0
7,1
1,1
0,1
2,0
1,1
4,0
1,0
2,1
4,0
0,0
1,0
6,0
0,0
3,0
0,1
0,0
1,0
0,0
5,0
3,0
1,1
3,0
1,0
1,0
1,0
10,0
3,1
3,2
2,0
6,0
4,1
5,0
5,1
1,0
2,0
4,1
3,0
3,2
2,0
2,1
0,0
4,0
2,0
4,0
2,0
0,0
1,0
2,2
1,0
5,1
1,0
0,0
3,0
1,1
4,0
1,0
0,0
4,1
1,0
5,1
1,0
3,0
2,1
3,1
0,2
2,0
0,1
1,0
3,0
2,0
1,1
1,0
2,2
5,1
0,0
2,0
1,0
0,0
2,1
2,1
0,0
0,0
3,1
3,0
2,0
2,0
2,0
1,0
3,1
2,0
3,0
1,0
2,1
2,0
2,0
3,0
3,1
2,0
7,2
6,1
3,0
1,0
0,0
2,1
6,0
3,0
0,0
0,1
0,0
2,0
2,1
11,0
2,0
2,0
1,2
3,2
3,0
2,0
0,2
2,0
0,0
3,1
1,1
5,0
3,1
2,0
2,0
1,1
1,1
2,0
1,1
1,0
3,2
3,1
1,0
5,1
2,0
2,1
1,1
1,0
6,2
0,4
1,0
3,3
5,3
3,0
6,1
1,0
5,1
2,2
2,1
0,0
1,0
2,0
8,1
5,0
1,0
4,0
1,0
1,4
4,0
5,1
5,0
2,0
2,2
10,1
1,0
0,0
2,0
1,0
1,1
3,1
4,0
5,1
2,0
3,2
3,3
1,4
1,0
0,1
2,1
2,1
2,0
2,2
5,4
3,1
0,0
0,4
1,0
2,0
1,0
1,0
1,0
0,2
4,0
6,0
4,1
5,0
2,0
1,1
2,1
1,0
1,0
1,1
0,0
2,1
0,0
2,0
4,3
0,0
1,0
0,0
2,1
3,1
2,1
2,2
2,0
3,1
2,0
4,0
3,0
2,0
1,0
1,0
2,0
2,0
0,1
1,0
1,3
2,2
1,3
3,0
1,1
3,0
1,1
7,1
3,1
0,1
1,0
1,1
0,1
0,0
1,0
1,0
2,0
3,0
3,1
1,0
1,0
0,0
6,1
3,0
0,0
3,0
5,1
2,0
1,0
0,0
1,0
2,0
1,0
1,0
3,0
0,0
0,0
3,0
1,1
1,0
6,1
2,0
0,0
1,0
0,2
2,1
6,0
2,0
1,1
4,0
1,0
3,0
1,1
1,0
1,0
2,2
0,0
0,1
0,2
0,1
0,0
3,1
1,0
0,1
3,0
0,1
3,1
9,1
6,1
2,0
4,0
2,1
1,1
0,0
0,0
1,1
1,4
3,0
6,1
0,0
9,2
3,2
0,0
4,2
0,0
1,2
4,0
5,1
0,0
6,0
4,1
4,1
1,0
0,1
2,0
7,2
0,0
2,3
2,0
1,0
0,0
1,1
5,1
0,0
1,1
2,0
0,0
2,0
5,1
1,0
0,0
1,0
2,2
0,0
0,3
3,0
1,1
1,0
0,0
1,0
1,0
4,0
1,0
0,0
3,0
4,3
4,0
2,0
0,0
2,1
1,0
1,0
0,0
2,1
6,0
1,1
0,1
4,0
2,0
1,1
2,0
1,0
1,0
0,0
1,0
2,1
2,0
8,0
0,0
2,0
4,2
1,0
0,0
0,1
0,0
7,0
2,0
2,1
4,0
0,2
4,2
2,0
2,0
4,0
1,0
3,1
3,0
2,0
1,0
1,0
1,0
1,0
0,0
0,1
1,0
3,2
1,0
4,1
3,0
1,0
2,0
3,4
1,0
2,0
3,1
1,1
0,0
1,0
1,0
2,3
2,2
4,3
0,0
3,1
9,1
3,0
2,0
2,0
2,0
0,1
1,0
2,0
3,0
1,0
5,1
1,0
3,1
2,0
2,2
2,1
4,0
2,2
3,1
2,2
1,1
1,0
2,0
0,1
2,0
2,0
1,0
0,0
8,0
4,1
2,0
1,0
2,0
1,0
0,0
2,0
1,0
1,0
1,0
1,2
1,1
1,0
1,0
4,0
2,0
3,0
1,1
1,0
5,0
4,0
1,1
4,0
0,1
3,1
1,0
5,2
8,0
0,0
8,0
4,1
7,1
2,0
3,0
0,0
1,1
4,0
5,0
0,0
3,1
0,0
1,2
1,0
0,0
8,0
3,0
2,2
1,1
1,0
2,0
0,0
0,1
1,0
2,1
1,0
1,1
2,0
1,0
3,1
3,0
2,0
6,0
2,0
1,1
6,0
1,0
3,0
1,1
1,0
3,0
3,1
1,2
3,1
0,0
3,0
1,0
4,3
3,1
0,1
4,0
0,0
0,2
2,0
5,1
1,4
3,1
2,1
0,0
6,2
0,0
1,2
5,0
3,0
3,1
4,2
3,0
1,5
1,0
3,0
2,1
1,0
0,0
0,0
3,0
4,0
3,2
1,1
0,0
3,1
4,0
1,0
1,0
1,2
0,2
1,0
0,0
1,0
4,1
1,0
0,0
4,0
0,0
1,0
1,0
0,0
2,0
1,1
1,1
0,0
0,1
1,1
2,0
1,1
0,0
3,5
6,1
0,0
2,0
0,0
0,0
0,0
0,0
0,0
1,0
0,1
2,1
2,0
2,1
0,0
1,0
1,0
0,0
1,0
2,0
1,0
0,0
7,0
1,0
1,0
2,0
1,0
3,0
1,0
1,0
1,0
2,0
1,0
1,0
3,0
2,1
3,2
0,0
3,0
5,0
0,0
3,1
6,1
2,0
1,1
0,0
7,1
3,0
1,3
1,0
4,1
3,0
4,0
0,1
2,1
1,0
0,0
1,0
1,1
2,1
2,0
8,0
2,0
0,1
0,0
0,0
2,2
0,2
0,0
0,0
1,0
3,3
0,1
2,0
0,0
0,0
6,1
0,0
2,0
0,0
2,0
0,0
3,0
2,2
1,0
2,0
1,0
3,0
1,0
1,0
0,0
2,1
1,0
0,0
1,1
3,0
0,0
0,1
2,1
1,0
2,0
1,1
3,0
1,0
2,0
5,3
0,0
5,1
1,1
3,1
3,1
2,0
3,0
1,1
2,3
0,1
5,2
2,1
0,1
4,0
1,0
3,0
2,0
5,0
4,1
7,4
5,2
3,0
4,0
0,0
4,0
2,1
7,1
1,0
3,0
3,0
3,0
2,0
4,0
4,1
1,0
1,1
1,2
1,0
1,2
1,0
1,1
0,0
2,0
7,1
1,0
3,2
1,0
4,0
0,0
0,1
3,0
0,1
3,0
2,1
3,0
1,0
7,0
2,1
4,2
0,0
1,1
1,0
8,1
2,2
2,0
2,0
0,1
1,0
3,1
1,0
0,0
0,0
2,0
1,0
5,1
1,0
0,0
1,0
3,0
2,0
4,2
1,1
3,0
4,0
0,0
3,0
0,0
2,1
4,1
0,2
0,0
0,1
2,1
0,0
1,0
4,1
4,0
1,0
2,1
4,0
0,0
2,3
2,0
0,0
2,2
2,0
0,0
1,2
2,2
1,0
7,1
0,1
3,1
2,0
2,0
2,0
0,0
2,1
2,1
1,0
1,0
0,0
1,0
2,0
0,0
3,2
3,1
1,1
1,0
0,0
1,0
2,0
10,1
0,1
1,0
6,3
3,2
3,1
1,0
2,0
2,1
1,1
4,0
5,0
4,0
1,0
5,1
2,0
4,0
0,0
1,0
6,0
2,0
1,0
1,0
1,0
0,0
1,0
2,1
1,0
0,0
0,0
0,0
1,0
7,0
1,0
4,3
1,0
3,1
2,0
1,3
0,0
0,0
1,1
2,1
1,1
0,0
4,0
1,0
1,0
3,3
3,1
2,0
1,0
1,0
5,0
1,2
3,0
1,0
7,1
0,0
1,1
4,0
4,1
1,0
4,0
1,0
8,1
0,0
2,0
1,0
1,0
0,0
2,0
0,0
2,0
5,0
1,0
1,0
3,0
1,0
2,0
2,0
1,0
2,0
7,0
2,0
0,0
0,0
1,0
6,0
2,1
1,0
3,0
0,0
2,0
0,1
1,0
2,0
1,0
1,0
0,0
0,0
1,0
3,0
6,0
0,0
1,1
2,0
4,1
2,0
1,0
2,0
4,0
0,0
3,1
2,0
1,2
1,0
0,0
3,0
2,0
3,1
1,0
2,2
0,0
5,1
1,0
3,0
2,0
3,0
1,1
4,0
3,0
4,0
3,0
4,0
0,0
5,1
4,0
6,1
2,1
2,0
2,0
2,0
2,0
1,0
3,0
4,0
3,0
13,0
5,0
0,0
1,0
6,0
0,0
0,0
1,0
1,0
0,0
1,0
4,0
1,0
1,1
1,0
0,0
2,0
1,0
1,0
2,0
0,0
2,0
1,0
0,0
0,0
10,2
1,1
1,0
1,0
5,0
5,0
5,0
2,1
1,0
2,0
3,0
2,0
1,1
0,0
1,0
1,0
0,0
3,0
3,1
2,0
0,0
1,0
1,0
1,0
1,0
5,0
2,1
3,2
3,0
1,0
1,0
6,0
1,0
0,0
5,1
3,1
1,0
1,0
5,0
6,1
1,0
2,0
0,0
1,0
1,1
2,0
2,2
1,0
0,0
2,0
6,0
2,0
2,1
5,0
0,0
0,0
0,0
2,0
4,0
3,0
0,0
0,0
0,0
2,0
1,0
7,1
1,0
3,0
1,1
4,0
4,1
1,0
5,0
1,0
1,1
4,1
2,0
1,1
1,0
2,0
1,0
2,0
0,0
2,0
1,0
1,0
3,2
0,0
0,0
4,1
1,1
2,0
0,0
0,0
4,1
1,0
2,0
5,0
2,1
1,0
1,1
0,0
1,0
2,0
0,0
2,0
3,0
3,0
1,0
0,0
3,0
0,0
0,0
10,1
3,1
2,1
1,0
0,1
2,1
3,0
1,0
0,0
0,1
0,1
1,0
6,0
2,0
0,0
1,0
0,0
5,1
0,1
1,0
0,0
2,0
2,0
2,1
0,1
1,0
1,1
0,0
3,0
2,1
0,0
0,0
0,0
1,1
7,1
1,1
2,0
1,0
2,0
0,0
0,0
0,0
2,0
0,0
2,0
1,0
3,0
1,0
3,0
1,0
6,0
1,0
2,0
2,1
1,2
0,0
4,0
0,1
1,0
2,2
0,0
1,0
2,0
6,1
2,0
0,0
1,0
2,1
0,0
3,0
1,0
1,0
2,0
2,0
1,0
0,1
2,0
3,1
0,1
1,0
1,0
1,1
4,0
1,0
6,0
1,0
1,0
2,0
1,1
1,0
0,0
6,0
4,0
3,0
2,2
0,0
1,0
1,0
1,0
1,1
3,0
5,0
1,0
2,1
0,0
2,0
1,0
4,0
4,1
0,2
3,0
3,1
3,0
2,0
1,0
1,0
2,1
2,0
2,0
1,2
2,1
1,0
2,1
1,0
1,0
4,0
3,1
1,0
1,0
1,0
2,1
2,2
0,0
1,0
2,1
4,0
0,0
1,1
0,0
0,0
3,1
8,1
1,0
2,0
2,0
2,0
0,0
2,0
6,2
4,0
5,0
1,0
1,0
2,1
0,0
1,1
1,0
0,0
1,0
5,0
0,0
1,0
2,1
1,0
3,0
3,0
0,1
1,1
2,0
1,0
1,0
0,0
3,0
1,1
3,0
1,0
3,0
0,0
4,1
2,1
1,1
1,0
1,0
3,1
3,0
0,0
4,0
1,1
1,1
1,1
1,0
3,1
4,0
7,0
2,1
0,0
1,0
6,0
3,2
2,0
2,0
2,4
2,0
1,0
2,0
0,0
1,1
2,1
0,0
2,1
0,0
6,0
2,0
1,0
0,0
0,0
1,0
3,2
1,1
4,1
2,1
1,1
1,1
4,0
2,1
5,0
2,0
1,0
10,1
2,0
7,2
0,0
2,0
4,0
1,0
1,0
4,1
3,0
0,0
2,0
3,0
1,0
1,0
0,0
0,0
2,0
0,0
1,1
5,0
3,2
2,0
2,1
0,0
1,0
0,0
13,2
1,0
3,1
1,0
4,1
1,0
1,0
1,1
0,0
0,0
0,0
0,0
0,0
2,0
0,0
0,2
3,0
1,1
1,0
1,1
1,0
0,0
2,0
2,1
2,0
7,0
3,2
0,2
4,0
1,0
3,0
1,0
4,3
1,0
0,0
1,0
2,0
3,0
1,0
0,0
1,0
0,0
5,1
1,0
3,2
4,1
1,0
1,0
6,0
0,0
4,0
0,0
1,0
1,0
0,0
3,0
1,1
1,0
2,0
3,0
5,2
1,4
0,0
1,0
3,0
0,1
0,0
0,0
3,1
4,0
3,0
0,0
2,0
1,0
1,0
0,0
2,0
6,0
2,0
3,0
10,0
2,1
0,0
0,0
2,1
5,2
0,1
1,1
1,1
8,1
2,0
0,0
4,2
3,0
1,0
4,0
4,2
5,0
0,0
5,1
6,0
2,1
0,0
4,1
0,0
3,0
2,1
0,0
5,1
0,0
2,0
0,0
6,1
1,0
2,0
0,0
1,0
0,0
0,0
6,0
1,1
4,1
3,0
4,2
3,0
2,2
6,1
2,0
0,2
3,0
1,1
0,0
0,0
3,0
0,0
0,0
1,1
1,0
0,0
3,0
1,0
1,0
3,0
3,0
1,3
3,0
4,0
2,1
0,0
2,0
2,1
0,2
0,0
0,0
3,1
3,1
0,0
1,1
1,0
0,2
6,1
4,0
7,3
1,0
1,0
3,0
1,0
1,2
0,0
1,0
2,0
2,0
0,0
1,0
0,0
6,0
3,0
0,1
0,1
3,0
1,1
2,0
5,0
2,0
5,0
0,0
5,0
1,0
0,0
3,0
1,0
5,2
1,1
1,1
1,0
0,0
2,0
0,0
0,0
1,0
0,0
1,0
1,0
0,0
0,0
5,0
2,2
2,1
4,1
1,0
1,1
2,1
2,3
2,0
3,3
0,1
1,0
1,0
0,0
0,0
3,0
1,0
2,0
1,0
0,1
0,1
0,0
2,0
2,0
4,1
4,2
5,1
1,0
1,1
1,0
5,0
3,1
3,3
2,0
1,1
0,0
0,2
1,2
1,0
3,0
0,1
0,0
0,1
3,0
1,0
3,0
0,0
1,0
3,1
4,1
4,0
0,0
9,0
7,0
1,0
2,0
1,0
6,0
1,0
0,0
3,1
0,0
7,1
2,0
3,0
0,0
1,0
1,0
0,0
1,0
2,0
13,0
5,0
1,1
1,0
4,0
0,0
1,0
1,0
0,2
2,0
1,0
0,1
2,0
3,0
0,0
8,0
1,0
3,1
2,0
0,0
2,1
1,1
1,0
1,1
0,0
2,0
2,0
0,1
3,0
3,0
1,0
2,1
1,0
0,0
0,0
1,0
1,0
1,0
1,0
2,0
1,0
2,2
2,0
1,0
1,1
1,0
0,1
1,0
0,0
5,2
0,0
3,0
2,2
2,0
4,3
0,0
0,1
3,0
4,0
3,1
1,1
2,1
1,2
4,0
1,0
1,3
6,0
3,1
3,0
1,0
0,2
11,2
5,0
1,0
0,2
2,0
0,1
1,1
2,1
1,2
1,2
9,0
2,0
4,2
4,1
2,2
2,0
4,0
3,0
1,2
1,3
1,1
2,0
0,2
2,0
1,0
3,1
1,1
1,0
6,0
5,0
0,1
0,0
0,0
1,0
2,0
4,0
2,2
0,0
1,0
2,0
0,0
8,1
0,0
3,0
1,0
1,0
2,0
1,2
4,0
1,0
3,1
0,0
2,0
2,0
2,0
0,1
2,0
0,0
1,0
1,0
3,1
4,1
9,1
7,3
2,1
1,1
1,0
1,0
2,0
0,1
2,0
1,0
1,0
2,1
1,0
1,1
0,0
0,0
1,0
1,0
0,0
2,0
1,0
3,0
1,0
0,2
0,0
1,1
1,0
2,0
0,0
2,0
1,0
3,2
2,0
2,1
1,2
4,2
2,2
3,0
1,0
2,0
0,0
5,2
3,0
6,0
1,0
7,0
1,1
6,0
0,0
4,0
0,1
2,0
1,0
4,0
2,0
1,2
1,0
3,1
2,2
1,0
2,0
2,2
3,0
2,1
1,0
1,0
5,0
5,0
0,0
5,1
1,2
10,1
4,0
1,0
0,0
0,0
1,0
1,0
1,0
2,0
1,0
1,0
1,0
2,0
1,1
1,0
0,1
1,0
1,0
4,0
1,0
1,0
1,0
1,0
2,1
1,0
4,0
1,0
1,0
3,0
0,0
2,0
0,1
0,0
1,0
0,0
1,0
1,0
3,0
0,0
1,1
1,1
1,0
5,2
2,1
2,1
2,0
3,0
0,0
7,0
1,2
0,0
5,0
3,1
3,0
2,0
1,1
1,0
3,1
0,0
0,0
2,0
0,1
1,0
1,0
2,2
6,0
1,0
4,1
2,0
2,3
0,1
1,0
4,0
1,0
3,0
2,2
2,1
0,0
1,0
2,1
0,0
3,0
1,1
0,0
2,0
2,2
1,0
4,1
1,0
2,0
1,0
2,2
1,1
2,0
2,1
1,0
2,0
0,0
1,0
4,2
0,1
5,0
1,0
3,3
7,2
0,1
2,0
6,0
0,0
1,0
1,2
1,0
3,0
2,1
3,1
0,0
0,0
3,0
4,2
2,0
1,2
1,1
3,1
1,0
3,2
3,1
0,0
4,3
0,1
4,0
4,0
1,1
2,0
0,2
1,1
0,0
1,0
3,2
1,0
2,1
14,0
3,1
2,0
2,1
4,1
0,0
2,0
2,0
1,0
3,0
0,1
8,0
1,1
1,2
0,1
2,0
2,0
3,0
1,0
1,2
2,2
1,0
1,3
3,1
0,1
2,0
3,0
3,1
1,1
1,0
3,1
1,0
2,0
3,1
2,0
0,1
1,0
0,0
0,1
0,0
3,1
0,0
2,0
1,0
2,0
1,1
0,0
1,0
4,1
0,0
0,0
2,0
2,0
0,0
1,0
3,1
0,0
1,0
2,0
0,0
2,0
1,1
2,1
2,0
2,0
3,0
2,0
3,0
1,0
0,0
1,1
0,0
3,0
0,0
1,0
1,0
2,1
0,0
1,2
0,0
1,0
0,0
3,0
0,0
2,0
0,0
0,0
1,0
2,0
2,1
1,0
1,1
1,0
1,0
0,0
2,0
2,0
1,1
3,3
0,0
0,0
2,0
3,0
1,2
2,0
2,1
2,1
0,1
0,0
4,0
1,2
1,0
0,1
4,0
2,0
0,0
1,2
2,1
5,0
1,0
1,0
1,0
2,1
1,0
1,0
2,1
0,0
2,0
1,0
10,4
1,0
1,0
0,1
0,1
3,1
1,2
2,1
1,0
4,2
6,1
4,1
3,2
5,1
3,1
11,1
0,0
3,0
1,0
0,3
3,0
3,0
4,0
0,1
2,1
2,0
3,1
1,0
2,0
2,1
1,0
1,0
1,0
2,0
1,1
4,1
1,0
1,0
1,0
1,0
1,0
1,0
3,2
0,0
1,0
5,0
3,0
1,1
4,1
9,4
3,0
6,0
3,1
1,0
3,0
1,1
1,0
2,1
2,0
4,0
1,1
2,0
5,0
3,0
2,0
0,0
2,0
0,0
4,0
2,0
2,0
4,0
0,0
2,0
2,0
1,0
5,0
3,1
1,0
2,0
9,0
0,0
1,0
3,1
3,0
1,0
0,0
3,0
3,0
2,0
2,0
1,0
2,0
6,0
3,0
1,0
1,0
2,1
1,1
3,2
1,1
4,1
1,1
4,0
1,0
2,1
1,0
3,1
4,0
2,1
1,1
4,1
1,0
0,0
0,0
1,1
0,0
5,2
5,0
1,0
3,0
0,0
1,0
1,0
1,0
1,0
2,0
1,1
3,0
1,0
0,1
1,0
2,0
0,0
1,0
1,0
2,0
3,0
0,0
5,2
4,0
1,0
1,2
2,2
0,0
1,0
2,1
2,2
0,0
0,1
5,1
0,0
5,0
6,1
3,0
1,1
0,0
0,0
1,0
0,0
0,0
3,0
2,0
1,2
2,0
1,0
3,1
4,0
4,7
1,0
3,1
3,0
7,2
2,1
7,0
3,2
1,0
0,0
2,0
2,0
1,2
0,0
1,0
2,1
2,0
4,0
1,1
1,0
1,1
0,0
0,1
0,0
3,0
1,0
1,1
3,2
0,0
0,0
1,0
2,0
1,1
1,0
3,2
2,4
1,0
5,2
1,1
1,0
4,0
3,3
1,1
2,0
4,0
0,0
4,1
4,1
3,0
0,1
1,2
0,0
3,0
1,0
1,0
3,2
0,0
3,0
1,1
1,0
3,0
1,2
0,0
2,2
1,1
2,0
1,0
0,0
0,0
1,0
3,2
3,0
2,1
2,1
0,0
2,1
6,2
1,4
1,1
1,0
4,1
1,0
1,0
0,1
4,0
2,0
1,1
2,1
2,1
3,0
1,0
3,0
1,1
4,0
3,1
3,0
0,0
1,1
0,1
6,0
2,2
1,1
3,0
1,0
1,0
2,0
6,1
4,2
5,2
1,0
1,0
1,0
2,0
1,0
2,0
1,0
0,1
0,0
1,2
0,0
3,0
0,0
2,2
1,0
3,0
8,0
0,0
0,0
0,0
1,0
0,0
4,0
3,0
2,2
2,1
1,1
1,0
3,1
1,0
1,0
1,0
2,0
2,0
2,1
0,0
0,0
0,1
3,0
1,0
0,0
3,0
1,0
5,1
2,0
1,0
0,0
0,0
0,0
0,0
1,1
0,0
0,1
1,0
0,1
1,1
2,1
1,1
5,0
1,0
5,0
0,0
2,0
0,2
1,0
2,0
3,0
2,1
2,4
5,2
2,0
0,1
0,0
5,0
2,0
1,0
2,2
3,0
1,2
4,0
0,0
2,0
0,0
2,0
3,0
1,0
2,2
4,1
0,0
4,0
2,1
0,4
3,0
1,0
7,0
2,1
9,0
3,0
3,1
2,0
4,2
10,0
11,0
4,0
2,1
3,1
1,1
3,1
6,4
2,0
3,0
5,1
3,1
6,0
4,0
4,0
2,2
2,0
1,1
1,0
2,0
9,2
1,0
1,0
4,1
7,3
2,0
6,0
2,0
2,0
8,0
3,2
2,1
4,2
1,0
3,2
4,2
3,1
3,0
0,0
8,1
3,0
6,1
3,1
2,1
2,0
1,1
2,2
1,2
6,0
0,1
0,0
1,2
1,1
0,2
4,1
1,0
2,0
7,0
3,3
4,0
4,0
3,1
1,1
5,1
5,1
2,1
5,0
1,0
1,0
2,0
3,0
6,0
2,3
6,1
5,1
2,0
3,1
2,2
1,0
1,0
3,0
2,0
1,0
1,0
0,0
1,0
0,0
0,3
1,0
0,3
4,0
4,0
2,0
2,0
1,1
1,1
5,0
2,1
1,0
1,0
0,0
1,0
1,0
1,0
0,0
5,0
1,0
0,0
3,0
0,0
7,1
3,0
1,1
2,0
3,1
1,0
2,0
5,2
2,1
1,0
2,1
1,0
2,1
2,0
1,1
1,0
2,1
1,0
2,1
0,0
1,0
1,0
2,0
7,1
1,0
2,0
3,0
2,0
2,0
2,0
1,0
1,0
4,1
2,0
2,0
0,0
1,2
0,0
3,0
1,0
6,0
2,1
5,0
1,0
3,0
0,0
2,0
1,0
0,0
0,0
1,2
0,0
2,0
2,1
0,0
1,2
2,0
1,0
0,1
0,0
0,0
0,0
2,0
4,0
1,1
3,3
4,1
6,1
2,3
1,0
0,0
1,0
0,0
1,1
0,0
3,0
1,0
3,0
4,0
2,0
2,0
0,0
5,1
2,0
2,0
1,2
2,4
3,0
0,0
1,0
8,0
3,0
1,0
0,1
2,1
3,1
1,0
1,1
4,0
1,0
1,0
2,0
1,0
1,2
3,1
1,0
1,0
2,0
0,0
0,0
0,0
3,0
3,1
1,0
1,0
3,0
2,2
3,0
1,0
4,0
1,0
0,0
3,0
1,0
1,1
0,1
1,0
0,1
2,0
1,0
0,0
7,0
0,0
0,0
1,0
5,0
0,0
3,0
2,0
1,0
1,0
0,0
1,2
0,0
2,0
2,0
1,0
2,1
2,0
1,0
2,0
0,1
4,1
2,0
3,0
2,0
0,0
3,1
0,1
1,0
1,0
0,0
2,1
2,0
4,0
6,0
4,4
1,0
0,0
2,2
4,0
2,0
0,0
5,2
6,1
2,0
3,1
5,1
2,0
3,0
2,0
4,1
2,0
11,2
3,1
0,0
5,2
4,0
3,1
0,0
3,0
1,0
2,1
0,0
1,0
1,0
3,1
0,0
0,1
2,0
0,0
7,1
0,0
1,0
0,0
2,2
1,0
1,0
1,0
2,2
2,0
5,0
3,1
1,0
2,0
0,0
10,1
9,1
1,1
2,0
3,0
1,0
4,0
2,2
1,0
1,1
2,0
3,0
1,1
0,0
1,1
3,1
0,1
1,0
0,0
0,0
2,0
1,2
3,1
0,0
0,0
2,1
4,0
1,1
2,0
1,2
0,0
2,0
2,0
3,1
3,0
1,0
2,0
2,1
2,0
0,0
2,0
2,0
3,1
8,1
0,3
6,2
2,1
3,0
0,1
1,0
5,0
2,2
0,0
1,0
2,1
2,0
1,0
0,1
1,0
4,0
2,2
2,0
1,0
1,0
1,0
2,0
4,0
1,2
3,0
0,0
1,2
1,0
2,2
1,0
2,0
1,2
2,0
2,3
2,1
1,0
2,1
1,0
4,1
3,0
1,0
1,0
5,1
1,1
3,1
2,1
2,1
3,0
0,0
1,0
1,0
1,4
6,3
0,1
5,0
2,2
0,2
1,0
0,1
3,0
1,1
3,0
4,0
3,1
3,0
13,2
0,1
1,1
0,0
1,0
2,0
4,0
4,3
3,0
1,2
1,0
2,2
1,1
2,0
5,2
0,2
1,0
1,0
4,0
0,1
5,0
10,2
1,2
1,1
5,1
2,0
0,1
1,0
0,0
1,0
2,0
1,0
1,0
4,1
6,1
9,4
0,2
2,0
0,1
1,1
2,0
0,0
2,0
2,1
5,0
1,0
4,0
2,0
1,0
0,0
4,1
0,1
3,3
8,0
4,1
2,0
5,0
1,2
1,1
2,2
5,1
0,0
0,0
2,0
3,2
3,1
6,0
5,0
0,0
2,0
0,0
3,0
3,2
1,0
6,2
1,2
1,1
1,0
3,0
3,0
1,0
5,1
2,0
9,0
7,0
1,0
4,0
2,1
1,0
1,0
1,1
4,0
0,0
2,0
1,2
1,0
4,1
4,1
1,0
3,0
4,2
1,0
2,2
2,1
0,0
0,0
1,0
2,0
0,0
2,0
1,0
2,0
1,1
6,2
4,1
3,0
1,0
0,0
4,0
1,0
2,0
1,1
0,0
2,1
2,0
1,0
0,0
1,0
7,0
4,2
0,2
2,1
4,0
2,0
1,0
3,1
3,2
2,0
6,1
4,2
1,1
6,1
0,1
2,0
5,1
2,3
2,0
2,0
0,0
5,0
0,1
3,1
0,0
2,0
4,1
0,0
0,0
1,0
5,0
3,0
4,1
0,1
3,0
2,0
0,0
2,0
0,0
1,0
2,0
2,0
1,0
2,0
0,0
1,0
4,0
1,0
1,0
0,0
3,0
6,2
2,0
0,0
3,1
1,0
1,2
0,1
4,1
1,0
4,0
4,0
0,0
3,0
1,0
1,0
1,0
3,0
4,0
0,0
2,0
0,0
2,0
1,1
0,1
1,0
1,0
1,1
1,1
1,0
5,0
1,2
0,0
2,5
2,0
7,1
0,1
2,1
1,0
1,0
7,1
1,1
2,0
1,0
1,1
1,1
1,0
2,2
0,0
2,0
1,0
1,1
4,0
4,0
0,0
1,0
0,0
3,0
3,0
4,0
1,1
3,0
1,0
1,1
0,0
1,0
1,0
0,0
1,1
0,0
1,0
1,0
2,0
2,0
0,0
3,0
2,0
0,0
2,0
0,0
1,0
0,0
0,0
1,0
0,0
0,0
3,4
3,0
0,0
1,1
1,0
5,1
1,1
5,2
0,0
2,3
0,1
1,1
0,0
1,0
3,2
2,0
14,1
2,1
1,1
2,0
2,0
5,0
0,1
4,1
0,0
2,1
1,0
0,3
5,0
2,1
1,1
1,0
3,0
1,0
1,1
1,0
3,0
1,1
2,1
3,0
5,0
2,0
1,0
5,0
2,0
3,0
3,0
1,1
0,0
3,1
8,0
1,0
3,0
1,1
1,0
0,2
1,0
0,0
1,0
4,0
3,1
3,1
1,1
6,0
2,1
6,0
0,0
4,1
0,1
2,0
5,0
2,0
1,0
2,0
1,0
4,1
2,0
5,1
4,0
3,0
3,0
4,0
5,3
1,1
2,0
1,1
0,0
1,0
6,3
2,0
2,0
2,1
1,0
1,1
0,1
0,3
0,0
0,0
6,0
4,1
3,0
0,0
1,0
5,0
1,0
3,0
1,0
4,0
0,0
2,0
1,0
0,1
3,1
2,0
1,0
1,0
0,0
1,0
3,0
1,1
2,0
0,0
5,0
0,0
2,0
5,1
8,1
0,0
1,0
0,0
1,0
2,0
3,1
5,1
1,0
1,0
3,0
0,0
4,2
1,1
1,2
1,2
1,0
0,1
2,0
4,0
3,0
1,0
1,0
4,0
2,1
0,0
1,0
0,1
1,0
0,0
2,1
0,0
1,0
5,1
5,0
1,0
1,0
5,2
2,0
1,0
4,0
0,0
1,0
1,0
0,1
2,0
1,0
0,0
4,0
2,0
0,0
1,0
2,0
3,1
0,0
1,0
2,0
3,0
6,1
1,0
5,0
1,0
0,1
2,1
6,2
2,0
0,0
2,0
4,1
5,0
0,0
2,0
0,3
4,2
6,2
1,1
2,2
1,0
4,0
1,0
3,0
0,2
2,0
1,0
1,0
2,0
0,0
4,0
3,0
3,0
4,4
1,1
2,1
6,1
0,0
2,2
4,1
0,0
1,0
1,0
1,0
1,1
0,0
0,0
0,0
1,0
1,1
0,0
0,0
1,0
1,0
1,0
1,0
2,1
1,0
1,0
0,0
2,0
0,0
0,0
2,0
0,0
3,1
1,0
0,0
1,1
1,0
0,0
0,0
4,1
4,0
2,1
1,0
0,0
0,0
0,0
0,0
6,0
5,0
3,0
4,1
1,0
0,0
4,0
0,0
1,0
1,1
0,1
3,4
8,3
1,0
0,0
4,0
2,0
1,0
2,0
0,0
0,0
2,0
2,0
2,0
0,0
0,0
3,3
1,1
1,2
0,0
2,0
0,0
2,3
2,0
0,0
6,0
3,1
1,0
0,0
0,0
4,0
2,1
3,1
2,0
4,0
1,0
1,1
7,2
1,0
0,2
6,1
0,2
0,0
5,1
1,0
2,0
0,1
2,0
2,0
1,1
4,1
4,0
2,0
3,0
1,0
6,1
1,0
1,1
2,0
1,0
0,2
2,1
1,1
0,1
4,1
2,0
1,0
2,0
0,0
5,2
2,0
1,0
3,0
1,1
2,0
1,0
7,1
2,2
4,0
1,1
4,1
1,4
1,0
4,0
1,0
0,0
4,0
3,0
3,0
2,0
0,1
2,0
1,0
1,0
1,0
5,0
1,0
2,0
1,0
1,3
2,0
8,0
1,0
4,2
4,0
0,0
3,0
1,0
2,0
1,0
0,0
3,1
0,0
0,0
5,0
0,0
5,1
0,0
0,0
1,0
0,0
1,1
0,0
2,1
1,4
0,0
1,2
1,1
0,0
1,0
1,0
2,0
1,2
2,1
1,0
0,0
1,0
0,2
1,0
1,0
3,1
2,1
1,3
0,1
2,0
3,0
3,0
2,0
1,0
1,1
2,0
1,0
1,0
0,0
0,0
1,2
4,1
3,0
3,1
1,0
3,0
4,4
0,0
0,1
2,2
0,0
1,0
2,0
1,0
0,0
3,1
0,0
0,2
1,1
0,0
1,1
0,0
3,0
5,2
2,0
1,2
4,1
0,2
4,3
2,0
4,3
4,3
2,0
2,1
4,2
0,0
0,0
1,0
1,0
0,0
0,0
0,0
5,0
2,0
6,0
3,1
2,0
4,1
2,0
1,1
3,1
1,0
3,1
0,0
1,0
0,0
0,0
1,0
0,0
2,0
1,1
2,0
5,1
2,1
1,0
3,0
1,1
2,0
1,1
1,0
0,2
1,0
4,0
1,1
2,0
3,1
0,0
1,0
1,1
2,0
2,0
2,1
3,1
0,0
2,0
6,1
0,2
1,1
1,2
1,0
0,0
8,0
1,1
0,1
2,1
3,1
3,0
2,0
1,1
3,0
5,0
0,0
0,0
0,1
0,1
2,1
0,1
6,2
1,1
1,0
0,0
1,2
0,0
0,0
0,0
0,0
0,0
5,0
0,0
4,2
3,0
0,0
1,0
0,0
1,0
1,0
0,0
1,2
3,1
1,0
2,2
3,0
1,0
2,0
5,2
1,0
1,0
1,0
1,0
1,0
1,0
2,0
5,1
4,2
1,0
1,0
2,1
4,0
2,2
1,0
1,2
5,0
0,0
3,0
2,0
1,0
1,1
5,0
1,2
1,2
2,0
0,0
6,0
0,2
2,0
1,0
4,0
5,0
0,1
1,1
2,0
1,0
2,1
0,0
1,0
0,0
1,0
0,0
2,1
9,1
2,2
2,0
1,0
2,0
3,1
8,2
5,4
1,0
1,0
1,0
3,0
5,1
1,1
0,1
4,3
2,0
2,0
1,0
1,0
2,0
1,2
5,0
3,0
1,0
2,0
1,0
1,0
2,0
0,1
0,0
2,0
2,0
4,2
0,0
0,0
2,0
2,0
0,2
2,0
1,0
1,0
0,0
3,1
1,0
0,0
7,0
2,2
1,0
9,0
1,2
2,1
3,0
6,1
2,0
1,0
0,2
1,2
1,0
2,0
1,0
2,1
0,1
3,0
5,0
0,0
4,0
4,0
1,1
3,4
3,0
0,1
1,0
0,2
1,2
1,0
2,0
2,0
0,0
4,3
3,0
2,2
1,0
0,0
2,1
1,1
1,0
0,0
2,0
1,0
2,0
1,0
2,2
0,0
1,0
0,0
1,0
5,1
3,1
2,0
2,1
7,1
2,0
2,0
1,0
1,0
0,0
2,2
1,0
1,0
2,2
6,0
2,0
0,0
1,0
8,0
1,0
2,1
2,0
2,0
2,0
0,0
6,2
2,3
4,1
0,2
3,2
4,0
2,0
5,0
2,0
3,1
0,0
1,0
4,1
6,1
1,0
0,1
1,0
7,0
1,0
2,0
1,0
2,1
1,0
1,1
1,0
1,2
2,0
4,1
1,0
3,0
1,0
1,1
2,0
1,1
2,2
1,1
0,0
0,0
3,2
1,0
1,0
2,2
0,0
1,0
1,1
2,1
4,0
1,2
2,0
1,0
1,0
1,0
0,2
0,0
2,0
2,1
2,0
3,0
3,1
1,0
0,3
0,3
0,2
2,0
0,0
4,1
7,0
1,2
6,0
2,0
1,0
1,5
0,0
4,1
1,2
4,2
4,3
4,0
0,1
1,0
3,0
1,0
1,1
3,0
2,0
9,1
4,1
1,1
4,0
0,0
1,0
1,0
4,1
0,0
2,0
0,1
0,1
4,0
2,0
1,0
5,3
7,0
1,3
0,1
4,3
3,1
2,0
0,0
4,0
7,0
4,0
1,1
2,0
3,0
3,0
0,1
3,1
8,0
1,3
12,4
5,1
1,0
0,0
3,2
2,2
1,0
1,0
2,1
3,2
1,1
0,0
4,1
2,1
3,0
1,0
1,0
0,0
4,2
11,0
7,2
0,0
0,2
1,0
1,0
6,0
1,1
0,0
2,3
1,1
1,0
1,0
3,1
1,1
0,0
1,2
1,0
0,0
3,0
2,2
1,0
1,1
1,1
1,1
1,1
1,2
0,0
0,2
1,0
4,0
0,0
0,0
4,2
0,0
0,3
9,6
2,1
2,1
1,0
3,0
4,0
3,1
2,0
9,2
0,1
1,0
1,0
2,0
2,0
1,0
1,0
0,1
4,0
4,1
2,2
3,1
5,0
1,0
0,1
1,1
2,1
2,0
0,0
2,0
4,0
1,1
1,2
0,1
1,0
1,1
0,1
1,0
0,1
1,0
1,0
1,0
2,1
1,1
3,0
1,1
2,0
3,4
0,0
0,0
0,0
0,2
2,0
1,0
2,2
3,0
3,0
3,0
0,1
3,1
1,1
1,2
1,1
2,0
2,0
1,0
1,1
0,0
5,1
0,0
1,0
0,1
0,0
1,1
1,0
0,2
0,0
2,1
0,0
0,0
4,2
1,0
4,2
4,0
1,0
1,0
2,0
0,0
2,0
5,1
1,0
0,0
0,0
0,0
2,2
3,0
2,1
3,1
1,1
3,0
2,0
1,0
2,1
0,2
2,0
3,1
5,0
1,1
2,2
1,0
1,0
5,0
0,2
1,1
3,2
2,1
0,0
2,1
5,2
3,0
6,0
1,3
0,0
2,2
3,0
3,0
4,1
3,0
1,1
0,3
3,1
1,1
4,2
1,0
1,2
2,2
1,2
6,1
3,0
1,1
1,0
0,0
1,0
3,0
6,0
3,0
2,0
1,1
1,0
2,0
4,0
3,0
7,1
3,0
0,0
0,0
10,0
11,0
6,0
0,1
0,0
3,0
2,1
4,1
4,2
2,1
0,0
4,0
7,0
0,0
6,0
2,1
3,0
2,1
2,0
3,0
4,2
3,0
6,1
5,1
2,0
3,1
4,1
1,0
4,0
5,1
11,0
9,0
4,1
3,0
8,1
1,0
3,0
2,0
1,0
1,0
2,1
1,1
0,0
3,0
6,2
6,0
2,0
2,0
1,0
5,2
2,0
2,1
3,0
0,0
2,0
2,1
0,0
3,0
3,1
3,0
4,0
1,0
1,1
9,0
1,0
3,0
1,0
2,0
5,2
0,1
1,0
10,1
5,1
2,0
4,0
0,0
0,0
2,0
1,0
2,1
1,2
6,1
3,0
1,0
4,2
3,0
0,1
1,0
0,0
5,0
1,0
3,0
11,1
1,0
1,0
3,2
0,1
3,2
7,1
4,1
0,0
4,0
0,1
1,1
0,1
4,0
2,0
0,0
2,2
2,0
6,0
1,0
0,3
2,0
3,1
2,0
3,2
2,0
2,1
0,1
5,0
1,1
2,0
1,0
1,0
1,0
1,0
0,0
5,0
2,0
1,0
4,0
3,0
1,0
2,0
2,0
3,2
0,0
10,2
1,0
0,0
6,4
1,4
1,1
4,0
5,0
0,0
7,1
2,0
2,0
1,1
0,0
5,0
1,0
1,0
2,0
2,0
0,0
1,0
2,0
2,0
3,0
1,0
2,0
1,0
3,2
0,1
5,1
0,0
1,3
2,0
0,0
1,0
0,0
1,0
11,1
11,1
3,1
1,1
4,1
3,4
2,0
0,0
1,2
7,1
3,0
5,0
2,3
2,2
0,0
2,0
7,1
1,0
0,0
0,0
1,0
1,1
2,0
1,0
1,0
2,0
4,0
1,0
0,0
2,0
0,0
0,0
8,0
2,0
0,0
0,0
0,0
5,2
1,0
0,2
2,3
1,0
5,2
5,0
4,1
2,0
1,1
2,1
1,0
3,1
1,0
0,1
1,0
2,0
3,0
2,0
2,0
0,0
0,1
0,0
1,0
3,0
1,0
1,0
4,1
2,0
0,0
1,0
2,0
3,4
2,2
0,0
0,1
0,0
1,1
2,0
2,1
2,1
2,0
2,0
0,0
1,0
0,0
8,0
2,0
1,0
0,0
2,0
3,1
0,1
1,0
1,0
3,0
8,0
2,0
0,2
6,0
0,0
2,1
6,1
0,1
1,3
3,0
3,1
7,1
1,0
0,2
2,0
1,0
1,0
0,0
0,0
2,1
3,0
9,0
2,0
6,1
1,1
0,0
1,0
0,0
0,0
5,1
6,0
1,1
1,1
6,0
0,0
3,0
2,0
2,0
1,0
4,1
0,1
1,1
4,1
2,0
2,0
1,0
2,2
0,2
2,0
4,0
3,1
3,0
0,0
1,0
1,1
1,0
2,0
4,0
0,1
3,1
0,0
0,0
3,1
4,0
1,0
3,1
3,1
1,2
0,3
6,1
1,0
2,0
4,1
0,1
0,2
0,0
4,1
1,1
2,0
2,2
0,2
1,0
1,1
1,0
2,2
4,2
0,0
0,0
1,0
0,0
3,1
0,0
2,0
1,0
2,1
1,2
2,2
2,2
0,1
1,0
3,0
2,0
2,1
0,0
5,0
1,0
3,0
1,0
1,0
0,2
2,0
1,1
3,4
3,1
0,2
4,0
4,0
1,1
1,1
1,2
0,0
3,1
3,0
4,0
2,0
2,0
3,0
1,2
1,3
0,0
1,0
1,1
8,3
4,0
6,0
2,1
1,1
1,2
1,2
3,2
3,0
0,1
0,0
3,0
0,0
1,0
2,1
1,3
2,1
2,1
0,0
4,1
0,0
1,0
0,0
8,1
3,0
1,0
2,1
1,0
0,0
0,0
2,0
3,2
2,0
1,0
4,0
0,0
2,0
2,0
4,0
3,0
5,1
3,2
2,1
3,0
1,1
4,2
1,0
2,1
5,1
1,0
8,1
0,1
5,1
4,1
3,0
1,0
3,0
2,0
1,0
2,1
2,0
5,0
0,1
2,0
3,1
1,0
0,0
0,0
3,2
3,0
0,0
1,0
0,0
0,0
1,0
1,0
2,1
1,0
5,1
5,2
3,0
1,1
3,0
1,0
1,1
5,0
4,0
0,0
1,1
3,0
0,1
7,0
3,0
1,0
0,0
3,0
1,0
1,0
1,0
0,0
4,1
2,1
3,0
4,1
4,1
1,1
7,1
0,0
3,0
4,5
3,2
7,2
7,0
3,1
1,2
2,4
3,2
1,0
0,0
3,0
3,0
1,1
3,2
0,0
4,0
7,3
8,1
0,2
6,0
1,0
1,0
6,1
0,0
1,1
1,0
1,0
2,0
2,2
5,0
0,0
1,0
1,0
0,1
0,0
2,0
4,0
3,0
3,4
0,1
3,0
8,6
1,1
4,1
6,0
3,3
4,1
1,0
2,0
1,0
6,5
2,0
0,0
1,0
0,0
8,0
4,0
2,0
3,0
0,0
2,0
4,1
3,0
3,0
1,0
6,0
3,0
1,0
5,1
0,0
1,0
8,0
0,1
7,0
2,2
2,1
2,1
0,1
0,0
1,0
7,2
0,1
5,4
1,0
2,1
5,0
1,2
0,2
8,1
0,1
3,2
1,0
1,0
3,0
5,0
2,0
4,1
2,0
3,1
2,0
0,1
2,0
3,0
0,0
2,3
0,1
4,0
4,0
1,1
2,0
0,2
0,0
1,0
2,0
10,0
3,2
1,0
2,3
2,2
0,0
2,1
5,0
6,0
1,0
2,0
2,0
1,0
1,0
0,0
3,2
3,0
2,1
1,1
2,1
1,0
5,1
3,0
0,0
1,1
1,0
3,0
1,1
2,0
3,0
3,0
2,0
2,0
2,0
0,0
4,0
3,0
1,0
1,0
3,1
5,0
2,0
0,0
1,0
0,0
2,0
1,0
4,0
0,0
1,0
7,1
0,0
6,0
2,1
1,3
0,0
0,0
1,0
5,0
0,1
2,0
1,0
3,1
0,0
3,0
2,0
3,2
1,0
2,0
0,0
7,1
2,0
2,3
6,0
1,0
1,1
0,1
2,0
0,0
2,1
4,2
2,0
4,0
1,1
1,1
1,0
1,0
1,0
3,1
1,1
0,0
2,0
7,2
0,0
3,0
1,1
6,0
3,0
1,0
1,0
1,1
3,1
5,0
2,0
0,0
0,1
6,0
3,1
3,1
3,0
2,3
1,0
5,3
2,0
0,0
0,0
1,0
0,0
0,0
3,0
2,0
4,0
1,0
2,0
1,0
4,0
1,0
2,0
2,0
2,0
0,0
0,1
1,2
0,0
0,0
3,0
0,0
0,2
3,0
1,0
3,3
1,1
2,1
2,1
8,0
1,0
1,0
5,0
2,0
2,0
1,0
0,0
1,0
1,0
0,0
1,0
2,0
0,0
3,0
1,0
1,0
1,0
1,1
0,0
10,0
6,1
1,0
3,1
0,0
3,1
4,0
5,2
1,0
4,2
6,1
0,0
2,0
2,0
0,0
2,1
3,1
1,1
1,0
3,0
1,0
3,0
2,1
1,0
5,1
4,0
2,1
2,1
1,1
5,0
5,0
0,1
1,1
2,1
0,0
4,0
1,4
0,1
3,2
0,1
1,0
4,2
1,1
1,0
5,1
1,0
0,0
3,2
3,1
2,2
3,1
1,0
4,0
2,0
2,0
0,0
3,0
2,2
2,1
1,0
6,3
0,0
1,0
4,0
3,0
1,0
1,1
0,0
3,1
5,0
3,0
3,0
0,0
0,1
3,3
3,0
1,0
5,1
1,0
1,1
2,0
2,3
6,0
1,1
0,0
2,0
0,0
1,0
2,0
1,0
2,1
4,0
1,0
1,0
0,0
5,2
6,0
2,0
0,0
2,0
0,1
1,0
1,0
2,0
5,1
3,0
3,0
4,0
4,0
2,1
0,0
1,0
2,1
2,2
1,0
1,0
1,0
1,1
1,0
2,1
1,0
3,0
0,0
0,0
1,0
1,0
2,1
3,1
1,1
0,0
1,0
5,0
3,0
4,2
2,0
2,2
0,1
5,2
2,1
1,0
3,1
1,1
13,2
10,1
1,2
3,0
3,0
1,2
7,1
2,0
5,2
6,2
1,0
2,0
0,0
1,0
3,0
2,0
0,0
0,0
3,0
1,0
0,0
3,0
3,0
4,0
1,0
0,0
2,1
0,0
2,0
1,0
0,0
4,0
1,0
0,0
2,0
3,0
9,1
1,0
4,0
2,1
3,2
2,0
3,1
5,0
3,2
4,0
3,1
0,2
1,0
2,1
0,0
6,0
2,0
2,2
1,0
1,0
3,2
3,1
11,1
9,1
0,1
2,0
3,0
4,1
2,0
4,0
1,1
1,0
4,2
4,1
2,0
1,0
2,0
0,1
1,0
1,0
0,0
2,0
2,2
5,1
0,1
2,0
2,0
1,1
3,0
3,0
0,0
1,0
0,0
1,0
4,0
4,0
3,0
2,0
6,0
1,0
3,1
5,0
0,0
1,0
2,0
6,0
2,0
3,1
1,0
1,0
5,2
4,0
1,0
2,1
4,0
1,0
3,1
3,2
1,0
2,0
0,0
2,1
4,2
1,2
1,0
2,0
2,0
1,1
0,0
3,0
1,0
3,0
1,0
0,0
5,3
0,0
1,0
1,0
1,0
1,0
0,0
2,0
1,0
0,0
1,0
3,0
4,0
2,0
3,1
1,0
4,3
3,0
0,0
2,0
1,0
4,1
1,1
0,0
1,1
0,1
4,0
4,0
2,0
1,0
1,0
2,0
2,0
2,0
1,0
7,0
1,0
4,0
3,0
2,0
2,1
0,0
5,0
4,1
1,1
0,0
0,0
3,0
2,0
3,0
1,0
3,0
2,0
0,1
11,0
1,0
0,0
3,0
1,0
2,0
1,0
3,0
3,0
1,0
6,0
4,0
1,0
1,0
3,1
2,1
2,0
4,0
3,0
0,1
1,0
1,0
0,0
0,0
0,0
2,1
1,0
0,1
3,0
0,0
1,0
1,1
3,0
4,0
1,0
0,0
1,0
2,0
1,1
7,3
1,0
1,0
1,0
5,2
0,0
2,0
5,0
4,0
2,0
3,0
3,1
1,0
4,0
0,0
0,0
0,0
1,0
1,0
1,0
1,0
3,1
4,1
4,1
1,1
2,0
0,0
1,0
0,0
0,0
3,1
2,1
0,1
4,0
0,1
1,0
2,2
0,2
0,0
2,0
2,0
1,0
1,2
6,1
1,0
0,0
2,2
2,1
1,1
2,0
2,0
1,0
0,0
2,0
1,1
0,0
3,0
9,1
1,0
2,2
3,0
5,1
1,0
0,0
1,0
1,0
2,0
1,0
2,0
0,0
1,4
1,0
1,0
1,0
4,4
1,0
4,1
0,0
1,0
0,0
0,0
1,0
2,0
1,0
1,0
0,0
2,0
1,1
1,1
1,1
1,0
0,0
0,1
2,3
1,0
0,0
0,0
1,0
2,1
1,0
4,0
1,0
2,0
1,2
5,0
3,0
4,0
1,0
0,0
2,0
2,0
0,0
1,2
3,0
1,2
0,0
0,0
0,0
1,1
1,0
2,2
2,0
1,1
0,0
2,0
1,0
0,0
1,0
0,0
1,1
3,1
0,0
0,0
0,0
0,0
2,0
3,0
1,0
0,0
1,0
0,0
1,0
1,1
0,1
1,0
2,0
1,0
11,0
1,0
1,0
12,0
0,0
10,0
1,1
7,0
1,3
1,1
1,0
1,0
2,0
0,0
0,0
2,1
2,1
2,0
1,0
1,0
1,0
2,0
1,0
3,0
4,1
0,0
2,0
2,1
1,1
3,0
1,0
2,0
3,0
0,1
1,0
7,1
0,0
4,0
1,0
3,1
1,1
2,0
7,1
3,0
0,0
5,0
7,4
1,0
1,0
2,0
3,4
0,0
5,0
9,1
3,2
8,0
9,1
2,0
3,0
5,0
2,0
1,0
1,0
1,0
0,2
2,0
1,2
0,1
1,0
4,2
7,1
2,0
0,2
5,0
8,0
6,0
1,0
3,0
4,1
0,0
1,0
0,0
1,1
4,1
3,0
0,1
1,0
0,0
2,0
3,3
1,2
3,0
0,0
1,0
2,0
0,0
1,1
8,0
2,0
3,0
1,0
1,0
8,0
0,0
1,0
3,0
4,1
1,0
3,2
2,2
0,0
1,0
0,0
1,0
2,1
1,1
0,1
1,1
1,0
8,0
5,1
3,1
2,2
5,2
1,0
4,0
4,0
0,1
2,0
2,1
4,0
5,0
8,1
5,0
1,0
4,1
5,1
4,1
8,0
0,0
2,0
6,0
0,0
7,0
1,0
1,2
5,1
2,0
2,0
1,0
1,1
1,0
1,0
0,1
2,1
0,0
0,1
1,0
5,2
2,2
1,1
2,0
4,0
1,2
2,0
1,0
2,0
1,0
1,2
4,0
2,1
8,1
4,0
2,1
0,0
5,0
1,1
7,0
1,2
1,4
0,0
3,0
0,0
1,0
0,0
6,1
1,0
2,0
4,1
2,1
1,0
3,2
0,0
0,1
6,0
2,2
2,0
4,1
3,0
1,0
3,0
3,0
4,1
0,0
5,2
0,0
0,2
0,0
5,0
0,0
0,0
1,1
2,0
2,0
0,0
1,0
4,1
5,2
1,0
1,2
5,0
2,1
0,0
7,0
4,0
0,1
2,1
1,1
6,0
2,0
4,0
2,0
0,0
2,0
2,1
0,0
0,0
0,2
1,2
2,0
2,0
1,0
0,0
3,2
2,0
1,0
1,0
1,1
4,1
1,1
5,1
2,0
2,0
0,0
1,0
0,0
2,0
0,1
5,0
2,0
3,0
1,2
1,0
2,0
0,1
9,0
1,0
0,0
1,1
1,0
7,2
0,1
3,0
3,0
2,0
0,0
1,0
0,0
0,1
0,0
2,1
1,0
5,0
5,0
3,0
1,0
1,1
3,0
3,1
1,0
3,0
2,0
1,0
1,0
1,0
1,0
5,4
2,1
1,1
6,1
1,0
1,0
1,0
5,2
0,0
5,0
1,0
2,0
1,0
2,2
6,0
1,0
3,0
3,0
1,0
0,0
7,1
0,0
1,0
1,0
2,0
0,0
1,0
2,0
4,1
3,0
1,0
1,0
3,1
5,2
0,0
0,0
0,0
1,0
3,0
1,0
2,0
1,0
1,0
0,0
0,0
3,0
1,1
2,1
1,0
1,0
6,0
4,0
3,0
2,0
2,0
0,0
1,1
1,0
0,0
0,1
2,0
4,1
3,1
0,0
3,0
6,0
3,0
2,0
4,0
9,1
4,0
1,0
2,2
2,1
2,0
1,0
0,0
1,0
0,1
0,0
0,0
1,0
0,0
0,1
6,0
2,0
1,0
1,0
0,0
1,0
1,0
4,1
4,0
1,1
1,0
0,0
0,1
0,0
0,0
0,1
1,0
6,0
3,0
3,0
2,0
2,2
3,0
9,0
2,1
0,1
2,0
1,1
1,1
3,0
1,0
0,1
0,0
3,0
4,0
0,1
3,1
5,1
1,0
2,2
1,0
1,0
2,0
2,0
0,0
0,0
0,0
2,0
0,0
0,0
4,2
0,0
1,0
1,0
2,0
1,0
0,0
0,0
1,0
5,0
2,0
1,0
2,0
0,0
3,1
10,2
2,0
2,0
1,0
3,1
1,0
0,0
0,0
0,0
2,0
4,0
5,0
6,0
1,0
0,1
4,2
1,2
1,0
1,0
0,0
1,0
1,0
3,0
3,0
0,0
5,2
0,0
1,0
0,0
1,0
3,0
2,0
1,0
2,0
4,0
0,0
5,0
1,1
1,0
3,0
3,0
1,0
5,0
4,4
0,0
0,0
0,0
4,0
2,0
3,0
2,3
0,1
4,0
2,2
5,0
0,0
2,0
4,0
3,0
1,1
2,2
0,1
2,0
5,1
4,0
1,0
3,0
0,0
1,0
1,0
0,0
1,0
7,0
3,0
0,0
0,0
0,0
2,0
2,0
3,0
1,2
2,1
5,1
1,0
1,0
5,0
2,0
4,0
0,0
0,1
1,0
10,1
2,0
0,0
0,0
5,0
0,0
2,0
3,0
4,3
0,0
1,0
0,0
0,0
1,0
0,0
1,1
2,0
0,0
2,0
0,0
3,0
3,0
3,0
4,0
0,0
0,0
0,4
1,0
2,1
2,0
2,1
4,0
6,1
4,0
4,1
1,0
3,0
6,1
0,0
1,1
4,0
11,1
1,0
2,1
2,0
2,0
1,1
2,0
1,0
1,1
1,1
1,0
0,0
9,0
10,0
2,0
4,0
1,0
5,0
2,2
1,0
5,3
1,0
3,1
3,1
0,0
3,1
4,1
1,0
2,3
1,0
2,0
0,0
0,1
1,0
1,0
1,0
2,1
2,1
1,0
3,0
0,1
3,0
1,0
1,0
1,0
1,0
0,2
0,1
5,0
2,0
2,1
3,0
1,0
1,2
2,0
6,2
1,0
3,2
2,0
1,0
1,0
3,0
3,0
1,0
1,0
7,0
3,0
1,1
8,1
4,0
5,1
1,0
2,0
2,0
2,0
0,0
1,0
1,0
0,2
6,1
0,0
2,0
1,0
3,0
0,0
0,1
3,1
0,0
4,1
1,0
4,0
4,0
2,0
7,0
4,1
2,3
1,0
1,2
3,1
0,0
3,0
5,0
2,0
2,3
4,1
5,1
1,0
1,0
7,0
4,0
3,2
2,0
1,0
2,0
1,0
3,0
1,2
1,0
1,0
7,3
2,0
3,1
10,0
4,4
0,0
1,0
4,0
2,0
7,0
5,0
2,0
3,0
3,0
0,0
2,0
4,0
2,2
1,0
0,0
0,0
1,0
1,0
0,0
3,0
2,1
3,0
3,0
0,0
1,1
2,0
0,0
4,2
5,0
2,0
0,1
2,0
3,0
1,1
2,3
1,1
3,0
1,2
4,0
1,1
0,0
0,0
0,0
1,1
1,0
2,0
5,2
1,0
2,0
1,0
1,0
1,0
3,0
0,0
6,0
0,0
4,1
1,0
4,0
0,0
0,0
2,0
4,3
0,0
2,0
2,1
1,0
3,0
2,0
3,0
5,1
0,0
4,0
5,0
3,1
1,0
4,0
4,1
3,1
0,0
1,0
3,1
1,0
0,3
3,0
2,0
3,1
1,2
7,1
1,0
1,1
0,0
3,0
0,1
3,0
1,0
1,0
0,0
2,1
0,0
2,0
2,0
2,0
4,1
5,1
0,0
0,0
0,0
1,1
1,1
5,0
1,0
3,0
0,1
2,0
5,1
1,0
0,1
0,0
1,0
2,1
2,0
0,0
1,1
2,0
1,0
2,3
1,1
1,1
2,0
1,0
1,0
3,0
2,0
4,0
0,2
1,0
2,0
3,0
4,0
1,0
4,1
6,0
1,0
0,0
2,3
7,2
2,1
4,0
0,1
3,0
2,0
6,0
4,0
1,0
2,0
1,1
0,0
3,0
0,0
1,1
4,0
1,0
2,0
5,0
2,1
2,0
1,1
1,1
2,1
3,1
1,0
2,0
2,0
1,1
5,1
0,2
0,0
1,0
1,2
1,0
1,0
1,0
1,0
2,1
0,0
2,0
1,0
3,0
2,0
3,1
2,0
1,1
1,0
0,2
1,1
2,0
0,0
3,0
1,1
0,0
2,0
3,1
0,1
1,0
1,0
2,1
3,0
1,0
1,0
2,0
3,0
0,2
0,1
2,1
2,0
0,1
3,0
6,0
0,0
2,0
2,0
1,0
1,0
1,0
1,0
3,0
3,2
5,0
1,0
2,0
3,0
2,0
4,2
0,0
1,0
7,1
5,0
0,0
1,1
1,0
1,0
2,2
3,2
4,1
4,2
1,0
1,0
0,0
0,0
1,0
1,0
5,1
4,0
8,4
0,0
1,0
6,0
0,0
3,1
2,0
1,1
2,0
1,1
2,1
4,0
3,1
7,1
4,1
1,0
1,1
0,0
4,0
2,0
2,1
1,0
6,1
3,3
2,1
1,1
3,0
0,1
3,1
1,0
1,1
1,0
2,2
1,1
6,0
4,3
0,0
1,0
4,0
2,0
1,0
2,0
1,0
1,0
0,0
3,1
1,0
0,1
1,1
4,1
1,0
4,0
2,0
0,0
2,0
4,1
1,0
1,0
0,0
1,0
2,2
0,0
4,2
4,0
4,0
4,0
4,0
8,0
0,0
1,1
1,0
1,0
6,1
1,0
0,0
7,1
1,0
1,0
1,1
1,0
3,0
5,0
1,1
0,0
1,1
0,0
0,2
5,0
2,0
2,1
2,0
1,1
0,0
2,1
3,2
4,1
3,1
2,2
3,0
4,1
0,1
1,1
1,0
0,0
0,1
2,0
0,2
1,0
8,0
1,0
2,1
0,0
1,2
3,1
2,0
9,0
0,0
6,0
6,0
0,0
1,0
6,2
0,0
5,0
2,0
3,0
6,0
2,0
2,0
2,0
2,1
6,0
1,1
1,0
7,1
2,0
6,0
4,0
1,1
0,1
0,4
1,3
2,1
1,0
1,0
3,2
3,2
3,1
4,2
7,2
1,1
1,0
2,0
1,0
5,1
1,0
3,0
0,0
3,0
1,0
2,0
1,0
0,1
3,0
5,4
3,1
3,0
0,0
5,1
2,0
4,2
6,0
2,0
4,0
4,1
0,1
2,0
0,0
6,0
3,0
0,0
0,0
1,0
1,0
1,1
1,0
3,1
1,0
0,1
3,1
1,0
2,1
3,0
3,0
4,0
2,1
1,0
1,0
1,0
0,1
0,1
0,0
2,0
2,0
1,0
0,0
1,0
3,0
2,0
1,0
0,0
4,0
0,1
2,1
1,1
2,1
3,0
0,0
5,1
3,1
5,0
1,1
7,2
2,1
0,0
1,1
3,0
2,0
1,0
4,0
0,0
4,0
4,2
6,0
3,1
5,0
6,0
2,0
1,0
2,0
1,1
1,0
10,1
3,0
3,0
0,1
1,0
0,0
7,0
2,0
1,2
5,0
2,2
7,0
4,0
2,0
1,0
1,2
0,2
9,0
0,0
6,1
4,0
10,0
7,0
0,0
5,0
1,0
1,2
1,0
3,0
1,2
0,0
3,3
1,2
4,2
5,1
1,0
2,0
0,2
0,0
3,2
1,1
0,0
4,0
3,0
4,1
3,1
1,0
1,0
3,0
1,0
1,0
1,1
3,0
2,0
1,2
1,0
1,0
2,2
1,0
0,0
1,0
4,0
4,1
3,0
2,1
2,0
2,2
1,0
3,0
8,0
1,0
0,0
6,0
1,0
0,0
2,0
5,0
4,2
1,1
7,0
1,2
2,0
0,0
1,1
7,0
2,0
2,1
2,0
1,0
1,1
3,1
2,2
4,1
1,0
4,0
0,0
1,0
0,0
0,0
1,0
2,2
1,0
0,1
5,1
0,0
1,0
4,1
1,0
1,0
0,0
0,0
2,2
1,0
0,1
9,0
3,1
2,1
1,0
3,1
2,2
2,0
1,1
1,2
1,0
1,0
0,0
1,0
4,0
2,0
1,0
3,1
4,0
2,0
4,1
1,2
1,1
0,0
1,0
4,1
1,0
2,2
3,0
0,1
3,1
3,0
0,0
3,0
2,0
3,1
1,0
3,2
0,1
3,0
5,0
1,0
2,0
1,0
2,1
0,0
2,0
1,0
0,0
0,0
0,0
0,0
1,0
2,1
1,0
0,0
2,0
3,0
1,0
3,0
0,0
1,0
4,0
2,0
1,0
2,0
0,0
4,1
1,0
0,0
2,0
2,0
0,0
2,0
0,1
2,1
1,0
3,0
5,0
2,0
0,2
1,0
1,0
0,0
1,0
0,2
3,0
2,1
0,0
2,0
6,1
3,0
0,0
0,0
5,0
0,0
1,0
1,0
1,0
4,2
1,2
1,0
0,0
3,3
1,0
5,3
2,1
0,0
1,3
1,2
6,2
0,0
0,1
3,2
0,0
1,0
0,1
1,1
0,0
2,0
0,0
8,1
2,1
4,3
4,0
0,2
1,0
2,1
2,0
1,0
2,2
3,0
2,0
6,1
0,0
2,0
3,0
2,1
0,0
1,0
2,0
0,0
3,0
1,0
4,1
3,0
7,1
1,0
3,0
1,0
1,0
1,0
0,2
3,1
1,3
1,1
3,0
1,1
5,0
0,0
1,0
3,0
4,0
1,0
4,1
2,0
1,0
0,0
3,0
4,0
0,0
1,0
2,0
1,0
2,0
2,1
1,0
6,0
5,0
1,1
0,0
2,1
2,0
1,0
1,0
7,4
2,0
1,0
3,0
2,0
4,2
5,0
4,1
3,0
1,3
2,0
3,0
1,3
1,0
1,0
0,0
1,0
4,3
2,0
2,0
0,1
2,1
2,0
2,2
4,0
0,1
0,2
1,0
1,0
0,0
1,0
4,0
1,0
1,0
1,0
2,0
4,0
3,1
0,2
1,0
0,0
1,0
2,1
2,0
2,0
6,0
2,1
3,1
2,2
1,3
6,0
1,1
2,3
4,4
1,0
0,2
4,0
1,0
0,0
4,0
3,0
5,0
5,0
0,0
5,0
3,0
1,1
0,2
1,2
1,0
1,2
2,0
1,3
0,0
9,2
4,2
2,0
1,0
7,2
0,1
5,1
1,1
2,0
0,1
2,1
1,0
2,1
1,0
2,0
2,0
1,0
0,0
0,0
2,1
1,0
4,0
3,0
3,1
4,1
1,0
2,0
3,0
2,0
2,1
1,0
2,1
1,0
0,0
2,0
3,0
0,0
4,0
1,0
6,1
1,0
0,0
10,3
1,0
2,1
4,1
3,0
1,1
2,0
0,0
4,0
0,1
4,1
3,1
1,2
1,0
1,1
2,1
4,1
2,0
2,1
6,1
0,0
6,0
0,0
2,0
5,0
2,0
3,0
1,0
3,2
1,1
1,1
1,0
2,1
0,0
1,1
2,0
0,1
0,0
1,0
1,0
2,0
7,0
0,0
2,1
1,0
4,0
5,1
1,1
0,0
2,0
1,1
2,2
3,0
1,1
1,0
4,0
0,0
2,0
4,0
7,0
1,1
5,0
1,0
4,0
1,0
1,0
1,0
6,1
1,0
2,1
1,0
0,0
8,2
3,0
2,1
0,1
0,0
1,0
5,1
2,0
0,0
1,0
1,1
0,0
1,0
3,0
2,0
2,1
0,0
2,1
2,0
0,0
0,1
2,0
2,0
0,0
3,0
1,0
0,1
1,0
3,0
1,1
2,1
3,0
2,0
1,0
0,0
3,1
0,0
1,1
2,0
0,0
0,0
2,1
2,0
2,0
1,0
4,1
2,3
0,0
0,1
0,0
3,0
1,0
3,0
1,0
2,0
4,1
2,0
3,0
1,0
0,0
0,0
3,0
1,1
3,0
5,0
3,0
1,0
3,0
1,0
1,0
0,0
2,0
0,0
5,0
1,2
2,0
0,0
0,0
3,0
3,0
0,0
1,0
0,0
1,1
0,0
1,0
4,1
4,0
0,1
0,0
3,0
2,0
0,0
2,1
6,0
2,1
1,1
3,0
0,0
2,0
1,0
2,0
5,1
0,0
0,0
2,1
2,0
1,0
1,0
0,0
3,0
1,0
1,0
0,0
0,1
5,0
1,1
1,1
7,0
1,0
0,0
3,0
1,0
10,2
3,1
1,0
1,0
2,0
1,2
1,1
2,2
5,0
2,0
3,1
1,2
1,0
0,0
1,0
1,0
0,0
0,0
1,0
1,1
1,0
0,0
4,0
2,1
1,1
1,0
1,0
3,0
0,0
0,1
1,0
0,1
0,0
1,1
1,0
1,0
3,0
0,0
8,3
0,1
2,1
1,1
1,0
6,1
1,3
8,0
2,0
0,0
1,0
1,3
2,0
1,1
1,0
1,0
1,0
1,0
3,0
0,0
3,0
1,1
4,0
4,1
2,3
1,2
0,0
0,0
1,0
1,0
0,0
0,0
5,0
2,1
1,1
2,1
2,2
3,0
5,0
3,1
5,0
2,1
5,1
1,0
2,1
0,0
4,0
3,0
3,1
0,0
2,0
3,0
1,0
1,0
0,0
0,0
1,1
4,0
2,0
2,0
1,0
2,0
2,0
0,0
0,0
7,0
3,0
1,0
1,2
0,2
1,0
1,2
0,1
3,0
1,1
1,0
1,0
3,0
1,0
2,0
2,0
0,0
1,0
0,0
2,0
2,0
0,0
0,0
2,1
2,0
1,0
4,0
2,0
8,2
1,0
1,0
0,0
2,2
1,0
4,0
0,0
1,0
3,0
1,0
3,1
1,0
2,0
1,0
1,1
0,0
1,1
3,0
4,0
1,0
2,0
0,0
2,1
4,1
1,0
0,0
2,0
2,2
1,0
0,1
1,0
4,0
2,0
1,0
2,0
5,2
1,0
9,1
0,0
2,1
3,0
0,2
0,0
0,0
2,2
1,2
4,0
5,0
5,1
0,1
1,0
1,0
1,1
1,0
1,0
3,0
0,0
1,1
1,0
1,0
0,0
1,1
2,0
0,0
2,0
7,0
0,0
1,1
2,0
1,0
1,1
0,1
4,1
0,0
2,0
1,0
1,0
2,1
1,0
3,0
1,0
2,0
0,0
3,0
1,1
1,0
2,0
2,0
1,0
2,0
1,0
1,1
2,0
2,0
1,0
0,0
2,0
2,0
0,1
4,2
0,0
1,0
2,0
2,0
3,2
1,0
1,0
0,0
1,0
2,0
0,0
3,0
1,0
1,0
2,0
2,0
1,0
2,1
0,0
1,0
0,0
2,0
2,0
3,1
8,0
2,3
1,4
1,0
2,0
5,1
1,0
0,0
2,2
0,0
3,1
0,0
1,0
0,0
1,0
0,0
4,2
0,0
2,0
1,0
4,0
1,0
1,0
1,0
5,0
0,0
0,0
2,0
1,1
1,2
2,1
0,1
2,0
7,1
0,0
2,2
4,0
1,0
1,0
2,0
2,0
1,1
4,1
1,0
2,1
3,1
1,1
3,0
1,0
4,0
1,0
1,0
1,0
5,0
2,0
0,1
2,0
1,0
1,1
3,0
2,1
4,0
2,0
0,0
1,0
0,0
1,1
0,0
0,0
3,1
1,0
4,1
1,0
4,0
3,0
0,0
1,0
2,0
0,1
2,1
2,0
3,0
0,1
1,0
0,1
6,1
0,0
0,0
2,2
0,0
1,0
2,1
4,0
6,0
1,0
3,1
2,0
4,1
1,0
2,0
1,0
3,0
2,0
2,0
1,0
1,0
0,1
3,0
1,0
3,0
2,2
1,0
5,0
0,0
2,0
1,1
1,0
3,0
2,0
2,0
4,1
1,0
1,0
3,0
2,0
2,0
0,0
0,0
5,0
6,1
2,1
2,5
2,0
4,0
0,1
2,1
1,0
1,1
6,2
0,1
6,1
1,0
3,0
0,0
0,0
1,0
3,0
3,1
2,3
2,2
0,0
0,1
0,1
3,4
3,0
1,2
0,2
4,0
1,1
2,1
4,2
1,0
1,0
1,1
1,1
0,1
0,1
4,0
1,0
1,0
2,0
0,0
0,1
2,0
4,2
2,0
4,0
0,1
2,0
1,0
2,1
4,1
1,0
1,0
0,0
11,0
1,0
2,0
1,0
2,0
2,0
2,0
3,0
1,0
0,2
0,0
0,0
1,0
3,1
3,1
0,0
0,0
0,0
1,0
7,0
1,0
6,0
5,0
1,0
7,1
1,0
3,0
1,1
2,1
5,1
3,0
1,0
0,1
1,1
2,0
1,0
1,1
1,0
3,0
2,0
1,0
0,0
1,0
1,0
4,1
1,1
2,1
1,0
1,0
1,0
3,1
2,0
2,1
2,0
3,0
3,0
0,0
3,0
0,1
4,1
1,0
4,1
2,0
4,1
2,0
3,0
0,0
0,0
0,0
2,2
4,0
0,0
1,1
1,0
2,0
4,1
1,0
2,2
0,0
4,1
2,0
1,0
1,0
0,1
6,1
1,0
3,1
4,1
2,0
2,0
1,0
4,1
1,0
1,0
1,0
1,1
0,0
1,0
1,0
2,0
6,1
0,0
6,0
0,0
1,0
0,0
0,0
1,0
2,1
2,1
6,0
0,1
4,0
4,0
3,0
3,0
4,1
1,0
0,0
3,2
3,0
2,0
1,0
1,0
2,0
2,1
2,0
5,0
2,3
1,2
7,0
7,1
2,0
5,0
0,0
0,0
10,0
1,1
2,1
4,0
2,1
2,1
1,0
6,1
1,1
2,0
1,0
3,1
4,0
0,1
0,0
2,1
2,0
6,0
2,0
3,0
1,0
4,0
2,0
1,1
1,0
2,1
0,0
1,0
1,0
1,0
1,1
1,1
3,0
2,0
2,0
3,0
7,1
1,0
1,0
1,2
1,0
1,0
1,2
2,1
2,0
1,0
0,1
3,0
4,0
3,1
1,0
4,2
4,2
0,0
4,0
0,0
2,0
1,0
2,3
4,0
3,0
1,0
2,2
5,0
1,0
1,1
1,1
2,0
4,0
6,0
4,1
1,1
0,0
1,0
1,0
0,0
2,1
3,0
0,1
2,0
0,0
1,1
0,0
3,0
5,0
1,1
1,1
1,1
2,1
2,1
1,0
1,0
4,0
3,1
3,2
0,0
1,1
1,0
4,0
2,0
2,1
3,0
4,1
1,1
3,0
2,0
0,0
2,0
1,1
7,1
5,0
2,0
1,1
2,0
1,0
2,0
1,0
3,0
2,0
3,0
5,0
1,0
6,0
2,1
0,0
1,0
2,0
1,0
2,0
1,0
1,0
6,0
5,1
0,2
9,2
1,1
1,0
5,1
1,0
3,0
0,0
4,0
1,1
3,0
2,0
0,0
1,0
4,0
2,0
2,0
4,0
0,2
1,0
2,0
0,0
0,0
2,0
1,1
1,1
5,0
1,0
0,0
2,0
0,0
3,0
4,1
0,0
0,0
2,0
2,0
1,0
5,0
0,0
0,0
7,2
1,0
1,0
2,0
1,0
0,0
2,0
4,1
2,1
1,0
0,0
2,1
2,0
6,0
2,0
0,0
3,0
3,0
3,0
3,0
0,0
1,1
1,0
3,1
2,0
0,1
1,0
0,0
1,0
1,1
0,0
2,0
1,0
1,0
3,1
3,0
9,2
1,0
1,0
0,0
1,0
3,0
2,0
1,0
2,1
1,1
3,0
1,1
3,0
3,0
8,0
0,0
4,0
2,0
0,0
2,1
0,0
1,1
6,1
2,0
1,0
2,0
1,0
0,0
1,0
0,0
13,0
4,1
0,0
1,0
0,0
1,0
0,0
4,0
0,0
4,0
1,0
1,0
0,0
1,0
